2025-11-24T02:09:00,867 Using pip 22.0.4 from C:\Users\a\Documents\code web\venv\lib\site-packages\pip (python 3.9)
2025-11-24T02:09:00,870 Non-user install because user site-packages disabled
2025-11-24T02:09:00,950 WARNING: Ignoring invalid distribution -jango (c:\users\a\documents\code web\venv\lib\site-packages)
2025-11-24T02:09:00,978 Created temporary directory: C:\Users\a\AppData\Local\Temp\pip-ephem-wheel-cache-36sckey2
2025-11-24T02:09:00,981 Created temporary directory: C:\Users\a\AppData\Local\Temp\pip-req-tracker-eu29f948
2025-11-24T02:09:00,982 Initialized build tracking at C:\Users\a\AppData\Local\Temp\pip-req-tracker-eu29f948
2025-11-24T02:09:00,985 Created build tracker: C:\Users\a\AppData\Local\Temp\pip-req-tracker-eu29f948
2025-11-24T02:09:00,986 Entered build tracker: C:\Users\a\AppData\Local\Temp\pip-req-tracker-eu29f948
2025-11-24T02:09:00,988 Created temporary directory: C:\Users\a\AppData\Local\Temp\pip-install-a8n77z1s
2025-11-24T02:09:01,269 WARNING: Ignoring invalid distribution -jango (c:\users\a\documents\code web\venv\lib\site-packages)
2025-11-24T02:09:01,276 1 location(s) to search for versions of asgiref:
2025-11-24T02:09:01,276 * https://pypi.org/simple/asgiref/
2025-11-24T02:09:01,276 Fetching project page and analyzing links: https://pypi.org/simple/asgiref/
2025-11-24T02:09:01,279 Getting page https://pypi.org/simple/asgiref/
2025-11-24T02:09:01,279 Found index url https://pypi.org/simple
2025-11-24T02:09:01,483   Found link https://files.pythonhosted.org/packages/c0/c6/56e967493d35d7baf033b60c133e847832c659e5018fc9aeda892fb60945/asgiref-0.8.tar.gz#sha256=ba30a973c12b58b5e7cc254af0f781dffbe9bfbcf3a73bec6ffac17c5ac4190c (from https://pypi.org/simple/asgiref/), version: 0.8
2025-11-24T02:09:01,484   Found link https://files.pythonhosted.org/packages/64/6e/dca52fec3e4b906e9b8c9dbd5de50b2f516f810f6401d828692cccc03345/asgiref-0.9.tar.gz#sha256=7df6d9dd26ab295063b8a911bc0f24b48bb55dfcc62e0fd579b1f92a77ad91d0 (from https://pypi.org/simple/asgiref/), version: 0.9
2025-11-24T02:09:01,484   Found link https://files.pythonhosted.org/packages/54/33/f2f8b993f64f67859a46494dc39b8886fa193b03a833840c2baf4201f34c/asgiref-0.9.1.tar.gz#sha256=682a87cd5ec86c4f4ea2dacdcbcf5483a3d7c5a7acc238d688ade4e72ad14b1d (from https://pypi.org/simple/asgiref/), version: 0.9.1
2025-11-24T02:09:01,486   Found link https://files.pythonhosted.org/packages/a4/37/d098cb5d7273de91d8c6fe29af04a6feb04a936721338d9eade3f594bd3d/asgiref-0.10.0.tar.gz#sha256=5d8c375b6362653ceb542e65b20fc19f4d1e09472d2effeef356a8c71abe13ad (from https://pypi.org/simple/asgiref/), version: 0.10.0
2025-11-24T02:09:01,488   Found link https://files.pythonhosted.org/packages/bb/de/dacef231797dac113172fbd69911d869160a6db99d750beff7adae83d691/asgiref-0.11.0-py2.py3-none-any.whl#sha256=8b9bb494e77b773c8d7579b80a58a7e361084c7496ba7dd72343fa858744f1ff (from https://pypi.org/simple/asgiref/), version: 0.11.0
2025-11-24T02:09:01,488   Found link https://files.pythonhosted.org/packages/3d/8f/50c12a2fffd6057909cb08573b83ab6b0859ed44d21ba254467174545320/asgiref-0.11.0-py3-none-any.whl#sha256=57920248678e9111404d0797edd1b4014d8e13b3da47e01ab6fe540402874eae (from https://pypi.org/simple/asgiref/), version: 0.11.0
2025-11-24T02:09:01,488   Found link https://files.pythonhosted.org/packages/b3/ba/e77410b06fa51377b26ff6ff7a0cc3bad65d0987f3b827814baf51fae325/asgiref-0.11.0.tar.gz#sha256=9c847a435e220ab7ad6cadc9cec8fd02f731d387f9c60dcbee4b6e461997b112 (from https://pypi.org/simple/asgiref/), version: 0.11.0
2025-11-24T02:09:01,489   Found link https://files.pythonhosted.org/packages/7a/56/cd5d86491740b5ca7163cbc2ea78cb04fecaef78c4ee9492d2cd49d1a867/asgiref-0.11.1-py2.py3-none-any.whl#sha256=6a689c38e7d94c0d2dba11fecb4db2155bd9a58a64a2b348609354a6964b46f7 (from https://pypi.org/simple/asgiref/), version: 0.11.1
2025-11-24T02:09:01,490   Found link https://files.pythonhosted.org/packages/9a/d0/3434a948687146a295c73cb7b835eeb04ce2b4329f08a44664339617dcbd/asgiref-0.11.1.tar.gz#sha256=ddec508e294b973db07bf09bb7400c62af05db5da24a09b787f7fda7b62ab088 (from https://pypi.org/simple/asgiref/), version: 0.11.1
2025-11-24T02:09:01,492   Found link https://files.pythonhosted.org/packages/00/0e/3bcbf43baed415a625cf7c15985c5fc3f8f821592562fc4a3b295a513271/asgiref-0.11.2-py2.py3-none-any.whl#sha256=e074ff7f55708faae9f01d521f5e9f93762be41ddbe0fda120af24592c2344b4 (from https://pypi.org/simple/asgiref/), version: 0.11.2
2025-11-24T02:09:01,493   Found link https://files.pythonhosted.org/packages/f8/98/55233ebeedb8cb7978101c1034b884c1f576f213e265d4e1f6b297c7bd6d/asgiref-0.11.2.tar.gz#sha256=d053d0b5680ad681b0d9ac2ab0cd00b31e9ba77d87054fcdb6bbdc2211704550 (from https://pypi.org/simple/asgiref/), version: 0.11.2
2025-11-24T02:09:01,493   Found link https://files.pythonhosted.org/packages/65/65/e951eadcd15c23a776781b1e2cf0597855d46f3da293d9b56b6e227bf324/asgiref-0.12.0-py2.py3-none-any.whl#sha256=797a62a2a089ccd3c413578bde87730d4e200c066a02cae58627696503d66412 (from https://pypi.org/simple/asgiref/), version: 0.12.0
2025-11-24T02:09:01,494   Found link https://files.pythonhosted.org/packages/a9/00/5230348163f4f0a9234c87dab2abf521dc62e15b6b650c1f4dc132bd873e/asgiref-0.12.0.tar.gz#sha256=d65671aa25e8485824d1797d5b588c9d9d214e1d5674e5b79a1ffa75f32faaff (from https://pypi.org/simple/asgiref/), version: 0.12.0
2025-11-24T02:09:01,494   Found link https://files.pythonhosted.org/packages/f7/f8/d0e02e4c4333661a954e45b9bdbe19cc7121cf6b04db4a82ba044c007d6e/asgiref-0.12.1-py2.py3-none-any.whl#sha256=5682166790b727530de5e7d1636f1c677df0228993cceb3996287beee9489006 (from https://pypi.org/simple/asgiref/), version: 0.12.1
2025-11-24T02:09:01,495   Found link https://files.pythonhosted.org/packages/20/e8/79c0bb95ca282500344d76b0337364874f58313150b12958e4fef0ef39cc/asgiref-0.12.1.tar.gz#sha256=1a2f6c388379e40dc477e49418a9e6346c2af1b46df7b551708c98e57b540d24 (from https://pypi.org/simple/asgiref/), version: 0.12.1
2025-11-24T02:09:01,495   Found link https://files.pythonhosted.org/packages/dc/41/40dc641061f7ccd00d9a99e17156ce00551724ca5892354e228f5637c96b/asgiref-0.13.0-py2.py3-none-any.whl#sha256=e1ee297f1e8bd3a1618b4398d448a8632ff164e27e3ff4208879c426da2648b4 (from https://pypi.org/simple/asgiref/), version: 0.13.0
2025-11-24T02:09:01,497   Found link https://files.pythonhosted.org/packages/6f/63/f038c7c63d52f07b2d68ad8d003fe3c6e64cdc5ad833418bfb52755bbbdd/asgiref-0.13.0.tar.gz#sha256=47b72ba687c18103e0c7e2914c55d1f81d2e380955b9ed78b453bc19347bec88 (from https://pypi.org/simple/asgiref/), version: 0.13.0
2025-11-24T02:09:01,497   Found link https://files.pythonhosted.org/packages/93/6e/fb3fc8e2ba5f34432989460e4a545311588fdf7cf3e42fe3522f6df99bf8/asgiref-0.13.2-py2.py3-none-any.whl#sha256=90bc4419f24065db8fc1a6306d82c2a4d65affbb0070b8e78e3bf20dfdb4fe3e (from https://pypi.org/simple/asgiref/), version: 0.13.2
2025-11-24T02:09:01,497   Found link https://files.pythonhosted.org/packages/ca/7e/d379d6e2fbc40ee07bea813214fc90392c9e82a2eda6ab858927abbcfd79/asgiref-0.13.2.tar.gz#sha256=9509f6ad066e623d863f0572c968535d50ef95934cd9299f642fad63bcc6617c (from https://pypi.org/simple/asgiref/), version: 0.13.2
2025-11-24T02:09:01,499   Found link https://files.pythonhosted.org/packages/a3/b6/e14cacc567065ac79b87c7f51f11dd4d482f27ff583e4a84da64c241570a/asgiref-0.13.3.tar.gz#sha256=6afc1a2807d5e106762aee44c46fc8ec1e6f8c4dd0487645b1710e9ec58bb686 (from https://pypi.org/simple/asgiref/), version: 0.13.3
2025-11-24T02:09:01,500   Found link https://files.pythonhosted.org/packages/11/36/3301407c337fca6c2c619e64e937f3ac4281ea381dae942e0f9888a437a1/asgiref-0.14.0-py2.py3-none-any.whl#sha256=8c30206bb66d83d8f941c0a21661e21676fdb3f3994d85787da794f6aa78dcbd (from https://pypi.org/simple/asgiref/), version: 0.14.0
2025-11-24T02:09:01,500   Found link https://files.pythonhosted.org/packages/33/dd/62fe8bb04e92c5a8be83642c151a1f80d519bee5b1446bf47024fa734ca5/asgiref-0.14.0.tar.gz#sha256=8c0e920b9162a1b2d1999c828860aa3a031733a97d7b5b3eafe29d7649f884f3 (from https://pypi.org/simple/asgiref/), version: 0.14.0
2025-11-24T02:09:01,503   Found link https://files.pythonhosted.org/packages/52/84/3404065fdd4c834ab4b8a3533822672a608c6ad73226cfec9d90265b94ec/asgiref-1.0.0-py2.py3-none-any.whl#sha256=b7d118253c23545707a540a9e9f54f99dc75df4df8ddd62eac6415da0a306581 (from https://pypi.org/simple/asgiref/), version: 1.0.0
2025-11-24T02:09:01,503   Found link https://files.pythonhosted.org/packages/51/e9/2cf275a4145e7feef53d5370e7e7fe738f7120d61cc0a5f9b11f606f34e4/asgiref-1.0.0.tar.gz#sha256=f13c68118e7623938db2def36eea29d66b5381691d9c30da26cc1eab65b7e4c9 (from https://pypi.org/simple/asgiref/), version: 1.0.0
2025-11-24T02:09:01,503   Found link https://files.pythonhosted.org/packages/d6/1e/9c954831e1c0f297980984b0506fdb05eec76e08ce5efe492b23456c1e9b/asgiref-1.0.1-py2.py3-none-any.whl#sha256=dac4b6782ae55a5e7bb03cfc51e76e71e6cc7a4deb3bd1303c6b6cdc510387e8 (from https://pypi.org/simple/asgiref/), version: 1.0.1
2025-11-24T02:09:01,505   Found link https://files.pythonhosted.org/packages/e8/94/ef3fd720c5913a4e038829fb3435efea9314731b11484764a9df64e48a20/asgiref-1.0.1.tar.gz#sha256=0979f2bb6294ab0b55f19882bd85defb279349a2e538ce351b14eaa6d8e28fff (from https://pypi.org/simple/asgiref/), version: 1.0.1
2025-11-24T02:09:01,506   Found link https://files.pythonhosted.org/packages/fd/2f/c93a39158e5037dab47c076fc5cfabd2f3332253ffd6c70d85604d67690d/asgiref-1.1.0-py2.py3-none-any.whl#sha256=e688711135ffbde7f8157ed314198c972b171d4a01dfe874eec8c92334d6e67c (from https://pypi.org/simple/asgiref/), version: 1.1.0
2025-11-24T02:09:01,507   Found link https://files.pythonhosted.org/packages/29/4c/9c6a071704413189f92374e635314e8a2ae5f72047c86fff79efa4e3c3f9/asgiref-1.1.0.tar.gz#sha256=fb251d65f15e95f14e706592480f6aad4c4dba6b48b9f8ad12b5b13cdd0f1397 (from https://pypi.org/simple/asgiref/), version: 1.1.0
2025-11-24T02:09:01,507   Found link https://files.pythonhosted.org/packages/a6/e9/55c236797474fc534863ca4da2cca75a708c718d80b811266450c0cfa182/asgiref-1.1.1-py2.py3-none-any.whl#sha256=aaf199524607300b7e3489bc0b3ca9391d9e055c7fd7bcb60147f46aa2742450 (from https://pypi.org/simple/asgiref/), version: 1.1.1
2025-11-24T02:09:01,507   Found link https://files.pythonhosted.org/packages/0d/e7/9fc51765849c89d1ddc7528ec06659dba460a7bf7de1e7b37d685b532fcd/asgiref-1.1.1.tar.gz#sha256=3aabdc84b483172191536d08f51fccb69556ab8875cfb23a448fdba9bded5e3d (from https://pypi.org/simple/asgiref/), version: 1.1.1
2025-11-24T02:09:01,509   Found link https://files.pythonhosted.org/packages/ee/6d/67f79a9567de5ba4419c3e8d39622bed0d974d704075d09df765b5ddb5ce/asgiref-1.1.2-py2.py3-none-any.whl#sha256=d69847e3164957f4e6da51d2f1192b920c6c7d626bd3fc55f47aa1295702a0ed (from https://pypi.org/simple/asgiref/), version: 1.1.2
2025-11-24T02:09:01,510   Found link https://files.pythonhosted.org/packages/e1/1b/48e71f2a8b874a0dbd33b587827ee320cfb9dcbfaf1ed92a028be81bb86a/asgiref-1.1.2.tar.gz#sha256=8b46c3d6e2ad354d9da3cfb9873f9bd46fe1b768fbc11065275ba5430a46700c (from https://pypi.org/simple/asgiref/), version: 1.1.2
2025-11-24T02:09:01,510   Found link https://files.pythonhosted.org/packages/a8/2e/07563da320cd9c6fa93dab85450e9c58ea387f91a8a472dbc411f9d27367/asgiref-2.0.0-py2.py3-none-any.whl#sha256=e291b776488961afe6989222fc221ba5dbf5d492ab1958df3c68c128040d0c74 (from https://pypi.org/simple/asgiref/), version: 2.0.0
2025-11-24T02:09:01,512   Found link https://files.pythonhosted.org/packages/ae/63/3bdb07b484b202cf8c57a166cf0bb6597980007bb62e6af58e910f2eb084/asgiref-2.0.0.tar.gz#sha256=6aa24e9ea5020409e7e9ef39095527c174e49f36452ae3251033cb26b46293d3 (from https://pypi.org/simple/asgiref/), version: 2.0.0
2025-11-24T02:09:01,513   Found link https://files.pythonhosted.org/packages/49/ac/aa69932e176a5cae851a268c4ba58e6ff0bd6414396560a97f34c528418a/asgiref-2.0.1-py2.py3-none-any.whl#sha256=5defc29c696578183d70c631e345b33517e41050e089552464e4af1f11ba4a2c (from https://pypi.org/simple/asgiref/), version: 2.0.1
2025-11-24T02:09:01,514   Found link https://files.pythonhosted.org/packages/2b/34/11c5278278d7bc88f60fb8970ec5ffe240356b6a39c7701df34f9aa0979d/asgiref-2.0.1.tar.gz#sha256=c3d70c473a2b7e525e18e68504630943e107f5b32f440c00c8543f94f565c855 (from https://pypi.org/simple/asgiref/), version: 2.0.1
2025-11-24T02:09:01,514   Found link https://files.pythonhosted.org/packages/75/68/8207f2d83ab6d6401be4f562b6b6b83b8d432438efb0eca369a8e86d4549/asgiref-2.1.0-py2.py3-none-any.whl#sha256=95f55cea1409db99b41fe6458b3d754712805a887b6a1ec2ebc661cc5b878555 (from https://pypi.org/simple/asgiref/), version: 2.1.0
2025-11-24T02:09:01,515   Found link https://files.pythonhosted.org/packages/9a/1a/34d117e8a64e8ea91d9fd96032bc41242cc58eb8d94a8d924415d3d5282e/asgiref-2.1.0.tar.gz#sha256=2bfd70fcc51df4036768b91d7b13524090dc8f366d79fa44ba2b0aeb47306344 (from https://pypi.org/simple/asgiref/), version: 2.1.0
2025-11-24T02:09:01,516   Found link https://files.pythonhosted.org/packages/2c/53/5fa61fddda18081e32a5d145ce08f1dbd5a2b792600dd40c54e0fcd58430/asgiref-2.1.1-py2.py3-none-any.whl#sha256=222ae0a5bfd787f0c102db70566592966e86df28965b81597952576390dc6ec0 (from https://pypi.org/simple/asgiref/), version: 2.1.1
2025-11-24T02:09:01,517   Found link https://files.pythonhosted.org/packages/1b/ed/d4fd440471d1e9a4a74a0e7680ef5189fbd5f5dbd9d937d826d4a4059be8/asgiref-2.1.1.tar.gz#sha256=112828022d772925b47b22caf8108dadd3b26bb0af719eb01b2c3a807795429d (from https://pypi.org/simple/asgiref/), version: 2.1.1
2025-11-24T02:09:01,518   Found link https://files.pythonhosted.org/packages/7b/74/bb6ca144819bbe2f4f23e7d2dcbb25a76ffc2c0252decb2bfe429ccd3026/asgiref-2.1.2-py2.py3-none-any.whl#sha256=3db42f644737aa03b405c2b1a397e07629974c0b0d62bfc2e56d3f3bbc8cdf25 (from https://pypi.org/simple/asgiref/), version: 2.1.2
2025-11-24T02:09:01,519   Found link https://files.pythonhosted.org/packages/54/47/df08000d066b197bd94d6158b22a3e8fd6b95b53f495024dcc2c13180baf/asgiref-2.1.2.tar.gz#sha256=01087b9abedc58001ae05d9b60ce8c02a45695a11233e27d6dc2e8aa8064fcea (from https://pypi.org/simple/asgiref/), version: 2.1.2
2025-11-24T02:09:01,519   Found link https://files.pythonhosted.org/packages/3a/9b/e0565463469ccd293f3ed3081ba9b5703b4148a2ec162343ba8da70412f4/asgiref-2.1.3-py2.py3-none-any.whl#sha256=deef2ee1281d827bfa69cb8676dfc6e53bd1ed8951c66f5e870abd767b7cb7fa (from https://pypi.org/simple/asgiref/), version: 2.1.3
2025-11-24T02:09:01,519   Found link https://files.pythonhosted.org/packages/dd/eb/4321a88ca5ed73ca27d648aea0810666e2c3f76b80d1809fa0f084c514c6/asgiref-2.1.3.tar.gz#sha256=12773070ab13460af191a34fbc665f5a0f090a15bce7da31ec5e289c6ce8a1c6 (from https://pypi.org/simple/asgiref/), version: 2.1.3
2025-11-24T02:09:01,521   Found link https://files.pythonhosted.org/packages/86/35/a8b1a07551419d314a34e890118ec0631f331f80bdc56dc150deb3fb0aad/asgiref-2.1.4-py2.py3-none-any.whl#sha256=5992e60a40c77d143c65c2057a93112510141eb18042924c8f80704ef892a7c2 (from https://pypi.org/simple/asgiref/), version: 2.1.4
2025-11-24T02:09:01,521   Found link https://files.pythonhosted.org/packages/01/2a/b81d679baf0b79ed9677ccd64cbd23da0376753533408bd60e628da1dc5a/asgiref-2.1.4.tar.gz#sha256=758bed82647d7f6e50bad5f332fd5801014d8cb39c777b6c0f35374db6b57bc1 (from https://pypi.org/simple/asgiref/), version: 2.1.4
2025-11-24T02:09:01,522   Found link https://files.pythonhosted.org/packages/61/f8/324b42e78798ca20e1a28d46582657fc723589b14b6dbd2741cbd170c301/asgiref-2.1.5-py2.py3-none-any.whl#sha256=b0feae8ce0cee06b649a0e6090bef7fed4c87f90214105b2c3bcb4a90adb846f (from https://pypi.org/simple/asgiref/), version: 2.1.5
2025-11-24T02:09:01,522   Found link https://files.pythonhosted.org/packages/0a/15/085243c3e6e1eefbd7afe478d1f137b03bfeda7a2f0148ca1ee7384fcd13/asgiref-2.1.5.tar.gz#sha256=1a46196df28c67e046a54cc537ce5a8f6a59eb68649f54680d7e4fc3b113ab1b (from https://pypi.org/simple/asgiref/), version: 2.1.5
2025-11-24T02:09:01,524   Found link https://files.pythonhosted.org/packages/85/1e/31c9b6f73e08a758fb07aa7115d60dd170bab072c222fd0075bdb4470967/asgiref-2.1.6-py2.py3-none-any.whl#sha256=8d8a2380ed0cdf553986e6184355e6e81886965b104ebbfbf8b4dbb91826ae9b (from https://pypi.org/simple/asgiref/), version: 2.1.6
2025-11-24T02:09:01,524   Found link https://files.pythonhosted.org/packages/b8/9a/9fa2c3b48bfa3e9d14b090a6fdcc468ce1ca8a9645cbc85069e571adc6b0/asgiref-2.1.6.tar.gz#sha256=882ca28d791e5c9c624b25849d59191fe44b760a35f88726d7248700ce84bfa0 (from https://pypi.org/simple/asgiref/), version: 2.1.6
2025-11-24T02:09:01,525   Found link https://files.pythonhosted.org/packages/75/55/51b9825959692d775dcc65cc81e34befca5f920a518c4168b657d6508135/asgiref-2.2.0-py2.py3-none-any.whl#sha256=dae829002a586d96c37333562d78b78f7536cf49e1c189e151be6a62c5806ab0 (from https://pypi.org/simple/asgiref/), version: 2.2.0
2025-11-24T02:09:01,527   Found link https://files.pythonhosted.org/packages/2d/c2/493f91b49e2938cd0f333d78d7ccec024646bdfbc13d0d96431b89c4f2b4/asgiref-2.2.0.tar.gz#sha256=9bf5cd9c9cabfb04e19b96fd44ea17723d111067f9ed1d2d8bbc6398c869b9ba (from https://pypi.org/simple/asgiref/), version: 2.2.0
2025-11-24T02:09:01,528   Found link https://files.pythonhosted.org/packages/9a/09/188bc4155309e2fabdabec588ec33f629d7512c7f3c44520f146c1fe8003/asgiref-2.3.0-py2.py3-none-any.whl#sha256=6de821aa503a1b028cc590d8ad06a2995eacfd945c0b4d1dc285d0a304d611cc (from https://pypi.org/simple/asgiref/), version: 2.3.0
2025-11-24T02:09:01,528   Found link https://files.pythonhosted.org/packages/a9/17/52c6eaa07a4babd1c0260d42f659266313ac90be88f1f8805b93f5ec072d/asgiref-2.3.0.tar.gz#sha256=4ee4b06686715291945fd6caffbf97f2a1cf5626a8d875f1a3aee244b672225e (from https://pypi.org/simple/asgiref/), version: 2.3.0
2025-11-24T02:09:01,530   Found link https://files.pythonhosted.org/packages/d3/dc/4cb440a69d3e26dfe430955520057c1cde51bc2fd9208215cf6b5662634f/asgiref-2.3.1-py2.py3-none-any.whl#sha256=ee8e376af0420d85c7cefeae3677e44080b403709448a1288b6e21ff40ba2505 (from https://pypi.org/simple/asgiref/), version: 2.3.1
2025-11-24T02:09:01,530   Found link https://files.pythonhosted.org/packages/9c/59/8afdd7e9c1e2b4b3a8aa716b579d39470f9afad23b69ab072ed7b5f6086d/asgiref-2.3.1.tar.gz#sha256=a77d0d5c8914ca3fbb396be7fda238bf479207cee77d6075dd7474cfeff821a4 (from https://pypi.org/simple/asgiref/), version: 2.3.1
2025-11-24T02:09:01,531   Found link https://files.pythonhosted.org/packages/6a/ca/c141dc77da60230e393d33b5b29afbca718b7e6ce07921c42cf08af907f8/asgiref-2.3.2-py2.py3-none-any.whl#sha256=9b05dcd41a6a89ca8c6e7f7e4089c3f3e76b5af60aebb81ae6d455ad81989c97 (from https://pypi.org/simple/asgiref/), version: 2.3.2
2025-11-24T02:09:01,531   Found link https://files.pythonhosted.org/packages/2c/0d/a569ab76f6dcec1f1c9946c3ed1e65bb1aa853e620c7626729e1f84b9b2d/asgiref-2.3.2.tar.gz#sha256=b21dc4c43d7aba5a844f4c48b8f49d56277bc34937fd9f9cb93ec97fde7e3082 (from https://pypi.org/simple/asgiref/), version: 2.3.2
2025-11-24T02:09:01,533   Found link https://files.pythonhosted.org/packages/ed/ed/ab1178f0848145c86c2d7c54cfb12d3baf35d76237a2d5c60039c883d8a2/asgiref-3.0.0-py2.py3-none-any.whl#sha256=c7a9f05e8bf5db5ce582aa4c4622621fc23c110ee79202e45dd5218ed5eba9f5 (from https://pypi.org/simple/asgiref/), version: 3.0.0
2025-11-24T02:09:01,534   Found link https://files.pythonhosted.org/packages/1f/13/a51fa79bf4067fa3d2a282b17871f428d8f505f5885b0bef4e1cab12f5d5/asgiref-3.0.0.tar.gz#sha256=bd5a17ca8742dd131b64b7cb67c79daec290d3feb46c9084a3a94cfbe5d62089 (from https://pypi.org/simple/asgiref/), version: 3.0.0
2025-11-24T02:09:01,534   Found link https://files.pythonhosted.org/packages/e7/1f/f9386bf64e2420e2a0b501344a237b6bb03e84c3b97f7cbf7fe30e945b93/asgiref-3.1.0-py2.py3-none-any.whl#sha256=55eef5c0582093ca37dcf4937f66fc6ffbedee662e1dadd263c8877236d5c156 (from https://pypi.org/simple/asgiref/), version: 3.1.0
2025-11-24T02:09:01,536   Found link https://files.pythonhosted.org/packages/03/ab/c84dce4e8cf6978fd7f3a124b8bd6d27e551a0be0fc85aeb780a8428552d/asgiref-3.1.0.tar.gz#sha256=bc2b34037b19ced9df35a6890f4658f657e078e3d595496b01430f07256cfbf5 (from https://pypi.org/simple/asgiref/), version: 3.1.0
2025-11-24T02:09:01,537   Found link https://files.pythonhosted.org/packages/3a/d0/eebc135bba4be8137096c6a99778ac3a27cf4203a69dfa02010a1dfb10ce/asgiref-3.1.1-py2.py3-none-any.whl#sha256=0822b68bc98f59cfa536e314cfe1586d4cdaa45da92937cc69061dd9209a8bfe (from https://pypi.org/simple/asgiref/), version: 3.1.1
2025-11-24T02:09:01,538   Found link https://files.pythonhosted.org/packages/b3/21/cb2e49fe7780a68c688c59ae0839b4a45af75159bc029b7dd6d43d699b4d/asgiref-3.1.1.tar.gz#sha256=fa83f1bb89020d9e7c8361a41e8a8ccbfcf3b9df2e9e47a320bdc4821a9c3dcd (from https://pypi.org/simple/asgiref/), version: 3.1.1
2025-11-24T02:09:01,539   Found link https://files.pythonhosted.org/packages/07/ca/f4633cdd580ef37eaf38e2e7a85cd49066ec4e8c62da339f927d462ca46e/asgiref-3.1.2-py2.py3-none-any.whl#sha256=48afe222aefece5814ae90aae394964eada5a4604e67f9397f7858e8957e9fdf (from https://pypi.org/simple/asgiref/), version: 3.1.2
2025-11-24T02:09:01,540   Found link https://files.pythonhosted.org/packages/7d/12/28cf907457f35a85c98498cbe9fd0792484eb6beba76c642f040c2399ae4/asgiref-3.1.2.tar.gz#sha256=60c783a7994246b2e710aa2f0a2f7fcfacf156cffc7b50f7074bfd97c9046db3 (from https://pypi.org/simple/asgiref/), version: 3.1.2
2025-11-24T02:09:01,540   Found link https://files.pythonhosted.org/packages/c2/c4/db607d2dcdd1d88763528de1066dec9f36cca470c1d101de5cc35c90b0b9/asgiref-3.1.3-py2.py3-none-any.whl#sha256=34227987327d13bc4b19d338faa6fed8a25cea79cca2e9e50490d212f56470f8 (from https://pypi.org/simple/asgiref/), version: 3.1.3
2025-11-24T02:09:01,541   Found link https://files.pythonhosted.org/packages/a2/6c/ae3f69d30aad753f8ade8925f8c9f30f2dce5dfe3b44e8b7db414bf4a2ea/asgiref-3.1.3.tar.gz#sha256=566126b4cbf190c315121965253ecb2159499197ff4afd686e0921f4dd987999 (from https://pypi.org/simple/asgiref/), version: 3.1.3
2025-11-24T02:09:01,543   Found link https://files.pythonhosted.org/packages/ce/2e/dd4b5afc37d595fc44def4f365cc8ee080a4962a0eb1e05e79da65a8e074/asgiref-3.1.4-py2.py3-none-any.whl#sha256=b718a9d35e204a96e2456c2271b0ef12e36124c363b3a8fd1d626744f23192aa (from https://pypi.org/simple/asgiref/), version: 3.1.4
2025-11-24T02:09:01,543   Found link https://files.pythonhosted.org/packages/e4/4d/c9079a9b0efd6755adc12413301ab6ad413d0629aa366028712ea22b0f5d/asgiref-3.1.4.tar.gz#sha256=865b7ccce5a6e815607b08d9059fe9c058cd75c77f896f5e0b74ff6c1ba81818 (from https://pypi.org/simple/asgiref/), version: 3.1.4
2025-11-24T02:09:01,544   Found link https://files.pythonhosted.org/packages/fb/58/27f90221f17bbda171d345f06009749004b60aea53a723443903bd99673d/asgiref-3.2.0-py2.py3-none-any.whl#sha256=abfe78df4bdefdbdc6902b1900c14e60b4cd7fea2ce218b5f12d998a46a9eb18 (from https://pypi.org/simple/asgiref/), version: 3.2.0
2025-11-24T02:09:01,545   Found link https://files.pythonhosted.org/packages/65/ef/e357b3e3d418f16d8f79b9d0c44d170bc0d88f0840b5755b6bfe25a576ea/asgiref-3.2.0.tar.gz#sha256=cefcbd64acbfc9f38913566824ef070dd9a50e63f1b4cc5a7f1c44be809d7ff3 (from https://pypi.org/simple/asgiref/), version: 3.2.0
2025-11-24T02:09:01,545   Found link https://files.pythonhosted.org/packages/4c/b9/9eb9762c9b43754d49e6b85625c1a5a45673a3083c742be00d8721839b01/asgiref-3.2.1-py2.py3-none-any.whl#sha256=ceac3968866501249712f482ae807605246cfae8293a70de29417868ddef673c (from https://pypi.org/simple/asgiref/), version: 3.2.1
2025-11-24T02:09:01,545   Found link https://files.pythonhosted.org/packages/e7/8a/145cf55364e762ebf3c5e328e9780b0d638c0e4f9ef575fffe0cc84dac70/asgiref-3.2.1.tar.gz#sha256=57ed0d07634a23bebfa1b02a1aa05eba09c37aab3fc93893e4039e7bc2d96d9e (from https://pypi.org/simple/asgiref/), version: 3.2.1
2025-11-24T02:09:01,547   Found link https://files.pythonhosted.org/packages/d0/39/42344b1060cfb5542eecef3ce6dda3d2d5a89a660716ed5980635985f2a7/asgiref-3.2.2-py2.py3-none-any.whl#sha256=a4ce726e6ef49cca13642ff49588530ebabcc47c669c7a95af37ea5a74b9b823 (from https://pypi.org/simple/asgiref/), version: 3.2.2
2025-11-24T02:09:01,548   Found link https://files.pythonhosted.org/packages/6a/d8/ac8ccfd9551901413cddcff798e16f219489887ec5db3b163c321dd017c6/asgiref-3.2.2.tar.gz#sha256=f62b1c88ebf5fe95db202a372982970edcf375c1513d7e70717df0750f5c2b98 (from https://pypi.org/simple/asgiref/), version: 3.2.2
2025-11-24T02:09:01,548   Found link https://files.pythonhosted.org/packages/a5/cb/5a235b605a9753ebcb2730c75e610fb51c8cab3f01230080a8229fa36adb/asgiref-3.2.3-py2.py3-none-any.whl#sha256=ea448f92fc35a0ef4b1508f53a04c4670255a3f33d22a81c8fc9c872036adbe5 (from https://pypi.org/simple/asgiref/), version: 3.2.3
2025-11-24T02:09:01,549   Found link https://files.pythonhosted.org/packages/80/c4/83a01607f2d10024c172097126264c8e00c6a4827b35d631ece9625e6ba2/asgiref-3.2.3.tar.gz#sha256=7e06d934a7718bf3975acbf87780ba678957b87c7adc056f13b6215d610695a0 (from https://pypi.org/simple/asgiref/), version: 3.2.3
2025-11-24T02:09:01,550   Found link https://files.pythonhosted.org/packages/80/c6/03bd9a8568952c275e8b2ee4ab3ac744d5fff7a8d2b5bba5b93715ba742e/asgiref-3.2.4-py2.py3-none-any.whl#sha256=5e60ea919b37e5b9d8896d802c0dbbe41b16ea6719e5695a43496ef43e5b19ac (from https://pypi.org/simple/asgiref/) (requires-python:>=3.5), version: 3.2.4
2025-11-24T02:09:01,551   Found link https://files.pythonhosted.org/packages/92/1e/2786ef0269c366be776363d3a2317cc03e6cd25bc77c4b0185f91b19f5ca/asgiref-3.2.4.tar.gz#sha256=f07043512078c76bb28a62fd1e327876599062b5f0aea60ed1d9cabc42e95fe2 (from https://pypi.org/simple/asgiref/) (requires-python:>=3.5), version: 3.2.4
2025-11-24T02:09:01,552   Found link https://files.pythonhosted.org/packages/bc/a9/90e110710d44289d807b5604bcd18419ece1a6f88e9a2489d3de4718a20b/asgiref-3.2.5-py2.py3-none-any.whl#sha256=3e4192eaec0758b99722f0b0666d5fbfaa713054d92e8de5b58ba84ec5ce696f (from https://pypi.org/simple/asgiref/) (requires-python:>=3.5), version: 3.2.5
2025-11-24T02:09:01,552   Found link https://files.pythonhosted.org/packages/83/f4/d21b3c32abf7a60bcd8fd35f198ff6782bc1c39c966456121cc941da37e7/asgiref-3.2.5.tar.gz#sha256=c8f49dd3b42edcc51d09dd2eea8a92b3cfc987ff7e6486be734b4d0cbfd5d315 (from https://pypi.org/simple/asgiref/) (requires-python:>=3.5), version: 3.2.5
2025-11-24T02:09:01,554   Found link https://files.pythonhosted.org/packages/e2/ea/37fac52810bfa225c867cd05766d80c12799f0a0d38a552dfe0ba7d02a90/asgiref-3.2.6-py2.py3-none-any.whl#sha256=9c65b42045910c159ad41fc33692a8a6e6e154d8d05244ea69a0cbc617edad31 (from https://pypi.org/simple/asgiref/) (requires-python:>=3.5), version: 3.2.6
2025-11-24T02:09:01,555   Found link https://files.pythonhosted.org/packages/8d/47/394c8a9c22354d6ebde1e0f485b1c62403eedee0851c73cf0efcf84fddb6/asgiref-3.2.6.tar.gz#sha256=63007b556233381c5f22ae4c7e4292c9f1b953dc8909ae8fd268f611dc23cbd0 (from https://pypi.org/simple/asgiref/) (requires-python:>=3.5), version: 3.2.6
2025-11-24T02:09:01,556   Found link https://files.pythonhosted.org/packages/68/00/25013f7310a56d17e1ab6fd885d5c1f216b7123b550d295c93f8e29d372a/asgiref-3.2.7-py2.py3-none-any.whl#sha256=9ca8b952a0a9afa61d30aa6d3d9b570bb3fd6bafcf7ec9e6bed43b936133db1c (from https://pypi.org/simple/asgiref/) (requires-python:>=3.5), version: 3.2.7
2025-11-24T02:09:01,557   Found link https://files.pythonhosted.org/packages/30/c1/bbde4e26250ca00c9aae5c7bd73ee1785d1a0665b1ae18481127bb0c00d0/asgiref-3.2.7.tar.gz#sha256=8036f90603c54e93521e5777b2b9a39ba1bad05773fcf2d208f0299d1df58ce5 (from https://pypi.org/simple/asgiref/) (requires-python:>=3.5), version: 3.2.7
2025-11-24T02:09:01,558   Found link https://files.pythonhosted.org/packages/29/f4/3cd2716c7a6b3c544c5c24942fb341898e9559d3cea6f415ab26c439e7d2/asgiref-3.2.8-py3-none-any.whl#sha256=783254c9ec6f914f671919bbcef4346d4e57866bd7ed988ae79f881bbc0a9be8 (from https://pypi.org/simple/asgiref/) (requires-python:>=3.5), version: 3.2.8
2025-11-24T02:09:01,558   Found link https://files.pythonhosted.org/packages/11/d7/eeb4c0f7ba1f4b65302b3a0a8fdec809aa25631bb4578b088505637fc14d/asgiref-3.2.8.tar.gz#sha256=a46c83b7d46212ec937e9ddb571cda2b1384b3d02f7edde9372e2778d1782d38 (from https://pypi.org/simple/asgiref/) (requires-python:>=3.5), version: 3.2.8
2025-11-24T02:09:01,560   Found link https://files.pythonhosted.org/packages/ea/d1/493b29b516d5e829583a610a28465e6b4504a7012d5dbe7236984f9eafc7/asgiref-3.2.9-py3-none-any.whl#sha256=f803d8b4962cc338d48a72fa498c52f913b160eb16712e2ecdf2a81904daead9 (from https://pypi.org/simple/asgiref/) (requires-python:>=3.5), version: 3.2.9
2025-11-24T02:09:01,561   Found link https://files.pythonhosted.org/packages/7e/5b/4dbcfabd244eb022f10b20e289aea6cbb10bbf9b6498c2264be3e1c70ce8/asgiref-3.2.9.tar.gz#sha256=7ea1922cfd63c4ac7687069f8bb0e7768ab9b7fc78ff227577d4240b52d6cb7a (from https://pypi.org/simple/asgiref/) (requires-python:>=3.5), version: 3.2.9
2025-11-24T02:09:01,562   Found link https://files.pythonhosted.org/packages/d5/eb/64725b25f991010307fd18a9e0c1f0e6dff2f03622fc4bcbcdb2244f60d6/asgiref-3.2.10-py3-none-any.whl#sha256=9fc6fb5d39b8af147ba40765234fa822b39818b12cc80b35ad9b0cef3a476aed (from https://pypi.org/simple/asgiref/) (requires-python:>=3.5), version: 3.2.10
2025-11-24T02:09:01,563   Found link https://files.pythonhosted.org/packages/6d/6e/6e0ff19e7054491be7390fec2b711f838b31282fd3afe28057314d72f11b/asgiref-3.2.10.tar.gz#sha256=7e51911ee147dd685c3c8b805c0ad0cb58d360987b56953878f8c06d2d1c6f1a (from https://pypi.org/simple/asgiref/) (requires-python:>=3.5), version: 3.2.10
2025-11-24T02:09:01,564   Found link https://files.pythonhosted.org/packages/c0/e8/578887011652048c2d273bf98839a11020891917f3aa638a0bc9ac04d653/asgiref-3.3.0-py3-none-any.whl#sha256=a5098bc870b80e7b872bff60bb363c7f2c2c89078759f6c47b53ff8c525a152e (from https://pypi.org/simple/asgiref/) (requires-python:>=3.5), version: 3.3.0
2025-11-24T02:09:01,565   Found link https://files.pythonhosted.org/packages/3e/34/fb6c2b2b858d27cdc6703e26e304d56e2300c33719b9407eae54a6b80423/asgiref-3.3.0.tar.gz#sha256=cd88907ecaec59d78e4ac00ea665b03e571cb37e3a0e37b3702af1a9e86c365a (from https://pypi.org/simple/asgiref/) (requires-python:>=3.5), version: 3.3.0
2025-11-24T02:09:01,567   Found link https://files.pythonhosted.org/packages/89/49/5531992efc62f9c6d08a7199dc31176c8c60f7b2548c6ef245f96f29d0d9/asgiref-3.3.1-py3-none-any.whl#sha256=5ee950735509d04eb673bd7f7120f8fa1c9e2df495394992c73234d526907e17 (from https://pypi.org/simple/asgiref/) (requires-python:>=3.5), version: 3.3.1
2025-11-24T02:09:01,568   Found link https://files.pythonhosted.org/packages/e9/d1/096b5b0b411a1a53c294a508fdc51542de77bc193df5c8230ff9445e4ff3/asgiref-3.3.1.tar.gz#sha256=7162a3cb30ab0609f1a4c95938fd73e8604f63bdba516a7f7d64b83ff09478f0 (from https://pypi.org/simple/asgiref/) (requires-python:>=3.5), version: 3.3.1
2025-11-24T02:09:01,570   Found link https://files.pythonhosted.org/packages/4c/4f/35496ef327fda06de5bb14ccba3bdc7b74a7d3171073b644339e56e90b73/asgiref-3.3.2-py3-none-any.whl#sha256=34103fa20270d8843a66e5df18547d2e8139534d23e3beffe96647c65ddffd4d (from https://pypi.org/simple/asgiref/) (requires-python:>=3.6), version: 3.3.2
2025-11-24T02:09:01,571   Found link https://files.pythonhosted.org/packages/5f/56/af1c760bd245eb1625ef1fb60c25a6d03084e263c2882da74aad38ddf075/asgiref-3.3.2.tar.gz#sha256=c62b616b226d6c2e927b0225f8101f9e2cca08112cff98839ca6726c129ff9e0 (from https://pypi.org/simple/asgiref/) (requires-python:>=3.6), version: 3.3.2
2025-11-24T02:09:01,572   Found link https://files.pythonhosted.org/packages/94/d2/a614e054305a57b3c9c867fae17667c1eab5befc8519ebf9d34752a0a7fd/asgiref-3.3.3-py3-none-any.whl#sha256=b58af092ac5987e245bba2d1472a09ca02fb402b782379c9c3e65555807c0631 (from https://pypi.org/simple/asgiref/) (requires-python:>=3.6), version: 3.3.3
2025-11-24T02:09:01,573   Found link https://files.pythonhosted.org/packages/a7/91/485d789c80183d94d1ecb4ef536de2db16f52de57a90502c82d3abb791c7/asgiref-3.3.3.tar.gz#sha256=00a4fdc99c50e5b2b308ff270afdd1a6b265fba6d2c87ea7b98fc0f25f7f5b07 (from https://pypi.org/simple/asgiref/) (requires-python:>=3.6), version: 3.3.3
2025-11-24T02:09:01,574   Found link https://files.pythonhosted.org/packages/17/8b/05e225d11154b8f5358e6a6d277679c9741ec0339d1e451c9cef687a9170/asgiref-3.3.4-py3-none-any.whl#sha256=92906c611ce6c967347bbfea733f13d6313901d54dcca88195eaeb52b2a8e8ee (from https://pypi.org/simple/asgiref/) (requires-python:>=3.6), version: 3.3.4
2025-11-24T02:09:01,575   Found link https://files.pythonhosted.org/packages/d8/3f/ef696a6d8254f182b1a089aeffb638d2eb83055e603146d3a40605c5b7da/asgiref-3.3.4.tar.gz#sha256=d1216dfbdfb63826470995d31caed36225dcaf34f182e0fa257a4dd9e86f1b78 (from https://pypi.org/simple/asgiref/) (requires-python:>=3.6), version: 3.3.4
2025-11-24T02:09:01,575   Found link https://files.pythonhosted.org/packages/bf/77/68b78d54f9865e1f4b8f8a9e0de15d328cddaa8a9cd5abeb69cb4077d9ab/asgiref-3.4.0-py3-none-any.whl#sha256=d36fa91dd90e3aa3c81a6bd426ccc8fb20bd3d22b0cf14a12800289e9c3e2563 (from https://pypi.org/simple/asgiref/) (requires-python:>=3.6), version: 3.4.0
2025-11-24T02:09:01,576   Found link https://files.pythonhosted.org/packages/c0/9d/b1c128ed26b8c01c27e5c393c558e9c2a6716dfbdb59f97ba14960fbde76/asgiref-3.4.0.tar.gz#sha256=05914d0fa65a21711e732adc6572edad6c8da5f1435c3f0c060689ced5e85195 (from https://pypi.org/simple/asgiref/) (requires-python:>=3.6), version: 3.4.0
2025-11-24T02:09:01,577   Found link https://files.pythonhosted.org/packages/fe/66/577f32b54c50dcd8dec38447258e82ed327ecb86820d67ae7b3dea784f13/asgiref-3.4.1-py3-none-any.whl#sha256=ffc141aa908e6f175673e7b1b3b7af4fdb0ecb738fc5c8b88f69f055c2415214 (from https://pypi.org/simple/asgiref/) (requires-python:>=3.6), version: 3.4.1
2025-11-24T02:09:01,578   Found link https://files.pythonhosted.org/packages/07/93/3618b68b4ba6b54bc97b5fd7d90e4981471edfaf51c8321a29a3c76cf47c/asgiref-3.4.1.tar.gz#sha256=4ef1ab46b484e3c706329cedeff284a5d40824200638503f5768edb6de7d58e9 (from https://pypi.org/simple/asgiref/) (requires-python:>=3.6), version: 3.4.1
2025-11-24T02:09:01,579   Found link https://files.pythonhosted.org/packages/0b/9f/5f3b91391578312827561b669a0397d58535b4e82966c8f1667525c7d563/asgiref-3.5.0-py3-none-any.whl#sha256=88d59c13d634dcffe0510be048210188edd79aeccb6a6c9028cdad6f31d730a9 (from https://pypi.org/simple/asgiref/) (requires-python:>=3.7), version: 3.5.0
2025-11-24T02:09:01,580   Found link https://files.pythonhosted.org/packages/ea/2b/3face3a7241f61dc1c58dbe243cc02c15c61ccdcafebc4406f7bb40ce731/asgiref-3.5.0.tar.gz#sha256=2f8abc20f7248433085eda803936d98992f1343ddb022065779f37c5da0181d0 (from https://pypi.org/simple/asgiref/) (requires-python:>=3.7), version: 3.5.0
2025-11-24T02:09:01,581   Found link https://files.pythonhosted.org/packages/3c/47/03bc5ff25d66be3727357a85de550bcf5f5a9cdeff5d0a3c2456c9385a2e/asgiref-3.5.1-py3-none-any.whl#sha256=45a429524fba18aba9d512498b19d220c4d628e75b40cf5c627524dbaebc5cc1 (from https://pypi.org/simple/asgiref/) (requires-python:>=3.7), version: 3.5.1
2025-11-24T02:09:01,582   Found link https://files.pythonhosted.org/packages/6d/b6/44c179fdee3857af5e76ee04426cac8119ef736900a0068d12c1c018301c/asgiref-3.5.1.tar.gz#sha256=fddeea3c53fa99d0cdb613c3941cc6e52d822491fc2753fba25768fb5bf4e865 (from https://pypi.org/simple/asgiref/) (requires-python:>=3.7), version: 3.5.1
2025-11-24T02:09:01,582   Found link https://files.pythonhosted.org/packages/af/6d/ea3a5c3027c3f14b0321cd4f7e594c776ebe64e4b927432ca6917512a4f7/asgiref-3.5.2-py3-none-any.whl#sha256=1d2880b792ae8757289136f1db2b7b99100ce959b2aa57fd69dab783d05afac4 (from https://pypi.org/simple/asgiref/) (requires-python:>=3.7), version: 3.5.2
2025-11-24T02:09:01,584   Found link https://files.pythonhosted.org/packages/1f/35/e7d59b92ceffb1dc62c65156278de378670b46ab2364a3ea7216fe194ba3/asgiref-3.5.2.tar.gz#sha256=4a29362a6acebe09bf1d6640db38c1dc3d9217c68e6f9f6204d72667fc19a424 (from https://pypi.org/simple/asgiref/) (requires-python:>=3.7), version: 3.5.2
2025-11-24T02:09:01,585   Found link https://files.pythonhosted.org/packages/8f/29/38d10a47b322a77b2d12c2b79c789f52956f733cb701d4d5157c76b5f238/asgiref-3.6.0-py3-none-any.whl#sha256=71e68008da809b957b7ee4b43dbccff33d1b23519fb8344e33f049897077afac (from https://pypi.org/simple/asgiref/) (requires-python:>=3.7), version: 3.6.0
2025-11-24T02:09:01,586   Found link https://files.pythonhosted.org/packages/78/2d/797c0537426266d6c9377a2ed6a4ac61e50c2d5b1ab4da101a4b9bfe26e2/asgiref-3.6.0.tar.gz#sha256=9567dfe7bd8d3c8c892227827c41cce860b368104c3431da67a0c5a65a949506 (from https://pypi.org/simple/asgiref/) (requires-python:>=3.7), version: 3.6.0
2025-11-24T02:09:01,587   Found link https://files.pythonhosted.org/packages/51/70/fe2134ce04ca793f735527741889e26fa287e3a5f3fb2ce7926947713cb6/asgiref-3.7.0-py3-none-any.whl#sha256=14087924af5be5d8103d6f2edffe45a0bf7ab1b2a771b6f00a6db8c302f21f34 (from https://pypi.org/simple/asgiref/) (requires-python:>=3.7), version: 3.7.0
2025-11-24T02:09:01,588   Found link https://files.pythonhosted.org/packages/85/b0/bb7ba9d107a910570ce811061e9b97dac918e3df5a8c3d42f07aded71d48/asgiref-3.7.0.tar.gz#sha256=5d6c4a8a1c99f58eaa3bc392ee04e3587b693f09e3af1f3f16a09094f334eb52 (from https://pypi.org/simple/asgiref/) (requires-python:>=3.7), version: 3.7.0
2025-11-24T02:09:01,589   Found link https://files.pythonhosted.org/packages/2b/ad/2b292d71b1cd1e6203b3de5901490e76a1721b3660c5fde06cf6cdbd7532/asgiref-3.7.1-py3-none-any.whl#sha256=33958cb2e4b3cd8b1b06ef295bd8605cde65b11df51d3beab39e2e149a610ab3 (from https://pypi.org/simple/asgiref/) (requires-python:>=3.7), version: 3.7.1
2025-11-24T02:09:01,590   Found link https://files.pythonhosted.org/packages/29/ef/bd9cd6ac55b7e7595c6fe097ea6c318b6a487f43762f15abe98c58b101e9/asgiref-3.7.1.tar.gz#sha256=8de379fcc383bcfe4507e229fc31209ea23d4831c850f74063b2c11639474dd2 (from https://pypi.org/simple/asgiref/) (requires-python:>=3.7), version: 3.7.1
2025-11-24T02:09:01,592   Found link https://files.pythonhosted.org/packages/9b/80/b9051a4a07ad231558fcd8ffc89232711b4e618c15cb7a392a17384bbeef/asgiref-3.7.2-py3-none-any.whl#sha256=89b2ef2247e3b562a16eef663bc0e2e703ec6468e2fa8a5cd61cd449786d4f6e (from https://pypi.org/simple/asgiref/) (requires-python:>=3.7), version: 3.7.2
2025-11-24T02:09:01,593   Found link https://files.pythonhosted.org/packages/12/19/64e38c1c2cbf0da9635b7082bbdf0e89052e93329279f59759c24a10cc96/asgiref-3.7.2.tar.gz#sha256=9e0ce3aa93a819ba5b45120216b23878cf6e8525eb3848653452b4192b92afed (from https://pypi.org/simple/asgiref/) (requires-python:>=3.7), version: 3.7.2
2025-11-24T02:09:01,594   Found link https://files.pythonhosted.org/packages/15/1e/c8a0cae47d0e10a241c40d4eaf32ae555a968cccbe297192223c7246ac8c/asgiref-3.8.0-py3-none-any.whl#sha256=30fc07797ad71a0abb8fe34aa03c8043308a8389abc7942d797ea9911540bc28 (from https://pypi.org/simple/asgiref/) (requires-python:>=3.8), version: 3.8.0
2025-11-24T02:09:01,595   Found link https://files.pythonhosted.org/packages/8d/f1/f2bc42f6fba0ae214e6625e641e1c982932dec3a15e4aecb46e18031fdef/asgiref-3.8.0.tar.gz#sha256=ec75d9d0f04e2dbfedef1f20ee73a6594af80c333df47cdd31f37e6701f7c53a (from https://pypi.org/simple/asgiref/) (requires-python:>=3.8), version: 3.8.0
2025-11-24T02:09:01,595   Found link https://files.pythonhosted.org/packages/39/e3/893e8757be2612e6c266d9bb58ad2e3651524b5b40cf56761e985a28b13e/asgiref-3.8.1-py3-none-any.whl#sha256=3e1e3ecc849832fe52ccf2cb6686b7a55f82bb1d6aee72a58826471390335e47 (from https://pypi.org/simple/asgiref/) (requires-python:>=3.8), version: 3.8.1
2025-11-24T02:09:01,597   Found link https://files.pythonhosted.org/packages/29/38/b3395cc9ad1b56d2ddac9970bc8f4141312dbaec28bc7c218b0dfafd0f42/asgiref-3.8.1.tar.gz#sha256=c343bd80a0bec947a9860adb4c432ffa7db769836c64238fc34bdc3fec84d590 (from https://pypi.org/simple/asgiref/) (requires-python:>=3.8), version: 3.8.1
2025-11-24T02:09:01,599   Found link https://files.pythonhosted.org/packages/3d/f9/76c9f4d4985b5a642926162e2d41fe6019b1fa929cfa58abb7d2dc9041e5/asgiref-3.9.0-py3-none-any.whl#sha256=06a41250a0114d2b6f6a2cb3ab962147d355b53d1de15eebc34a9d04a7b79981 (from https://pypi.org/simple/asgiref/) (requires-python:>=3.9), version: 3.9.0
2025-11-24T02:09:01,600   Found link https://files.pythonhosted.org/packages/6a/68/fb4fb78c9eac59d5e819108a57664737f855c5a8e9b76aec1738bb137f9e/asgiref-3.9.0.tar.gz#sha256=3dd2556d0f08c4fab8a010d9ab05ef8c34565f6bf32381d17505f7ca5b273767 (from https://pypi.org/simple/asgiref/) (requires-python:>=3.9), version: 3.9.0
2025-11-24T02:09:01,600   Found link https://files.pythonhosted.org/packages/7c/3c/0464dcada90d5da0e71018c04a140ad6349558afb30b3051b4264cc5b965/asgiref-3.9.1-py3-none-any.whl#sha256=f3bba7092a48005b5f5bacd747d36ee4a5a61f4a269a6df590b43144355ebd2c (from https://pypi.org/simple/asgiref/) (requires-python:>=3.9), version: 3.9.1
2025-11-24T02:09:01,602   Found link https://files.pythonhosted.org/packages/90/61/0aa957eec22ff70b830b22ff91f825e70e1ef732c06666a805730f28b36b/asgiref-3.9.1.tar.gz#sha256=a5ab6582236218e5ef1648f242fd9f10626cfd4de8dc377db215d5d5098e3142 (from https://pypi.org/simple/asgiref/) (requires-python:>=3.9), version: 3.9.1
2025-11-24T02:09:01,604   Found link https://files.pythonhosted.org/packages/c7/d1/69d02ce34caddb0a7ae088b84c356a625a93cd4ff57b2f97644c03fad905/asgiref-3.9.2-py3-none-any.whl#sha256=0b61526596219d70396548fc003635056856dba5d0d086f86476f10b33c75960 (from https://pypi.org/simple/asgiref/) (requires-python:>=3.9), version: 3.9.2
2025-11-24T02:09:01,605   Found link https://files.pythonhosted.org/packages/7f/bf/0f3ecda32f1cb3bf1dca480aca08a7a8a3bdc4bed2343a103f30731565c9/asgiref-3.9.2.tar.gz#sha256=a0249afacb66688ef258ffe503528360443e2b9a8d8c4581b6ebefa58c841ef1 (from https://pypi.org/simple/asgiref/) (requires-python:>=3.9), version: 3.9.2
2025-11-24T02:09:01,606   Found link https://files.pythonhosted.org/packages/17/9c/fc2331f538fbf7eedba64b2052e99ccf9ba9d6888e2f41441ee28847004b/asgiref-3.10.0-py3-none-any.whl#sha256=aef8a81283a34d0ab31630c9b7dfe70c812c95eba78171367ca8745e88124734 (from https://pypi.org/simple/asgiref/) (requires-python:>=3.9), version: 3.10.0
2025-11-24T02:09:01,606   Found link https://files.pythonhosted.org/packages/46/08/4dfec9b90758a59acc6be32ac82e98d1fbfc321cb5cfa410436dbacf821c/asgiref-3.10.0.tar.gz#sha256=d89f2d8cd8b56dada7d52fa7dc8075baa08fb836560710d38c292a7a3f78c04e (from https://pypi.org/simple/asgiref/) (requires-python:>=3.9), version: 3.10.0
2025-11-24T02:09:01,607   Found link https://files.pythonhosted.org/packages/91/be/317c2c55b8bbec407257d45f5c8d1b6867abc76d12043f2d3d58c538a4ea/asgiref-3.11.0-py3-none-any.whl#sha256=1db9021efadb0d9512ce8ffaf72fcef601c7b73a8807a1bb2ef143dc6b14846d (from https://pypi.org/simple/asgiref/) (requires-python:>=3.9), version: 3.11.0
2025-11-24T02:09:01,608   Found link https://files.pythonhosted.org/packages/76/b9/4db2509eabd14b4a8c71d1b24c8d5734c52b8560a7b1e1a8b56c8d25568b/asgiref-3.11.0.tar.gz#sha256=13acff32519542a1736223fb79a715acdebe24286d98e8b164a73085f40da2c4 (from https://pypi.org/simple/asgiref/) (requires-python:>=3.9), version: 3.11.0
2025-11-24T02:09:01,610 Skipping link: not a file: https://pypi.org/simple/asgiref/
2025-11-24T02:09:01,621 Given no hashes to check 2 links for project 'asgiref': discarding no candidates
2025-11-24T02:09:01,624 Collecting asgiref==3.4.1
2025-11-24T02:09:01,628   Created temporary directory: C:\Users\a\AppData\Local\Temp\pip-unpack-9yhnwtcx
2025-11-24T02:09:01,634   Using cached asgiref-3.4.1-py3-none-any.whl (25 kB)
2025-11-24T02:09:01,667   Added asgiref==3.4.1 from https://files.pythonhosted.org/packages/fe/66/577f32b54c50dcd8dec38447258e82ed327ecb86820d67ae7b3dea784f13/asgiref-3.4.1-py3-none-any.whl#sha256=ffc141aa908e6f175673e7b1b3b7af4fdb0ecb738fc5c8b88f69f055c2415214 (from -r requirements.txt (line 1)) to build tracker 'C:\\Users\\a\\AppData\\Local\\Temp\\pip-req-tracker-eu29f948'
2025-11-24T02:09:01,668   Removed asgiref==3.4.1 from https://files.pythonhosted.org/packages/fe/66/577f32b54c50dcd8dec38447258e82ed327ecb86820d67ae7b3dea784f13/asgiref-3.4.1-py3-none-any.whl#sha256=ffc141aa908e6f175673e7b1b3b7af4fdb0ecb738fc5c8b88f69f055c2415214 (from -r requirements.txt (line 1)) from build tracker 'C:\\Users\\a\\AppData\\Local\\Temp\\pip-req-tracker-eu29f948'
2025-11-24T02:09:01,676 Requirement already satisfied: attrs==19.3.0 in c:\users\a\documents\code web\venv\lib\site-packages (from -r requirements.txt (line 2)) (19.3.0)
2025-11-24T02:09:01,679 Requirement already satisfied: Automat==0.8.0 in c:\users\a\documents\code web\venv\lib\site-packages (from -r requirements.txt (line 3)) (0.8.0)
2025-11-24T02:09:01,682 Requirement already satisfied: blinker==1.4 in c:\users\a\documents\code web\venv\lib\site-packages (from -r requirements.txt (line 4)) (1.4)
2025-11-24T02:09:01,686 Requirement already satisfied: cachetools==4.2.4 in c:\users\a\documents\code web\venv\lib\site-packages (from -r requirements.txt (line 5)) (4.2.4)
2025-11-24T02:09:01,690 Requirement already satisfied: certifi==2019.11.28 in c:\users\a\documents\code web\venv\lib\site-packages (from -r requirements.txt (line 6)) (2019.11.28)
2025-11-24T02:09:01,694 Requirement already satisfied: cffi==1.15.0 in c:\users\a\documents\code web\venv\lib\site-packages (from -r requirements.txt (line 7)) (1.15.0)
2025-11-24T02:09:01,698 Requirement already satisfied: chardet==3.0.4 in c:\users\a\documents\code web\venv\lib\site-packages (from -r requirements.txt (line 8)) (3.0.4)
2025-11-24T02:09:01,702 Requirement already satisfied: Click==7.0 in c:\users\a\documents\code web\venv\lib\site-packages (from -r requirements.txt (line 9)) (7.0)
2025-11-24T02:09:01,705 Requirement already satisfied: colorama==0.4.3 in c:\users\a\documents\code web\venv\lib\site-packages (from -r requirements.txt (line 10)) (0.4.3)
2025-11-24T02:09:01,709 Requirement already satisfied: configobj==5.0.6 in c:\users\a\documents\code web\venv\lib\site-packages (from -r requirements.txt (line 11)) (5.0.6)
2025-11-24T02:09:01,713 Requirement already satisfied: constantly==15.1.0 in c:\users\a\documents\code web\venv\lib\site-packages (from -r requirements.txt (line 12)) (15.1.0)
2025-11-24T02:09:01,716 Requirement already satisfied: coreapi==2.3.3 in c:\users\a\documents\code web\venv\lib\site-packages (from -r requirements.txt (line 13)) (2.3.3)
2025-11-24T02:09:01,720 Requirement already satisfied: coreschema==0.0.4 in c:\users\a\documents\code web\venv\lib\site-packages (from -r requirements.txt (line 14)) (0.0.4)
2025-11-24T02:09:01,724 Requirement already satisfied: cryptography==3.4.8 in c:\users\a\documents\code web\venv\lib\site-packages (from -r requirements.txt (line 15)) (3.4.8)
2025-11-24T02:09:01,727 1 location(s) to search for versions of dbus-python:
2025-11-24T02:09:01,727 * https://pypi.org/simple/dbus-python/
2025-11-24T02:09:01,728 Fetching project page and analyzing links: https://pypi.org/simple/dbus-python/
2025-11-24T02:09:01,729 Getting page https://pypi.org/simple/dbus-python/
2025-11-24T02:09:01,730 Found index url https://pypi.org/simple
2025-11-24T02:09:01,785   Found link https://files.pythonhosted.org/packages/af/6d/6ef666713c9903645aa76b4c4c888c17b7f5d77c636756a6c630647edfdd/dbus-python-0.84.0.tar.gz#sha256=b85bc7aaf1a976627ca461b1ca7b0c4ddddff709f52fe44c9b2d1d7d8fac5906 (from https://pypi.org/simple/dbus-python/), version: 0.84.0
2025-11-24T02:09:01,785   Found link https://files.pythonhosted.org/packages/fd/80/861003a9ac85ac9283694c6038cee1d2d6fbdf2b6e792cff2c3e8c244e27/dbus-python-1.2.2-pypi.tar.gz#sha256=f79741510cad485afba1303b43e639aacdd7ddecf3ce7c6cca0b1a849bdf8fb3 (from https://pypi.org/simple/dbus-python/), version: 1.2.2-pypi
2025-11-24T02:09:01,787   Found link https://files.pythonhosted.org/packages/ad/1b/76adc363212c642cabbf9329457a918308c0b9b5d38ce04d541a67255174/dbus-python-1.2.4.tar.gz#sha256=e2f1d6871f74fba23652e51d10873e54f71adab0525833c19bad9e99b1b2f9cc (from https://pypi.org/simple/dbus-python/), version: 1.2.4
2025-11-24T02:09:01,788   Found link https://files.pythonhosted.org/packages/3f/e7/4edb582d1ffd5ac3c84188deea32e960b5c8c0fe1da56ce70224f85ce542/dbus-python-1.2.8.tar.gz#sha256=abf12bbb765e300bf8e2a1b2f32f85949eab06998dbda127952c31cb63957b6f (from https://pypi.org/simple/dbus-python/), version: 1.2.8
2025-11-24T02:09:01,789   Found link https://files.pythonhosted.org/packages/2b/55/c2db676bdc7451105c371089d84b09957e4e4a0ba0ad737eee37773d628d/dbus-python-1.2.10.tar.gz#sha256=d4332bbd4a0054fa4010b259c293b84d461bbd9d7a8ef528157d151c0398d886 (from https://pypi.org/simple/dbus-python/), version: 1.2.10
2025-11-24T02:09:01,790   Found link https://files.pythonhosted.org/packages/b6/85/7b46d31f15a970665533ad5956adee013f03f0ad4421c3c83304ae9c9906/dbus-python-1.2.12.tar.gz#sha256=cdd4de2c4f5e58f287b12013ed7b41dee81d503c8d0d2397c5bd2fb01badf260 (from https://pypi.org/simple/dbus-python/), version: 1.2.12
2025-11-24T02:09:01,791   Found link https://files.pythonhosted.org/packages/62/7e/d4fb56a1695fa65da0c8d3071855fa5408447b913c58c01933c2f81a269a/dbus-python-1.2.16.tar.gz#sha256=11238f1d86c995d8aed2e22f04a1e3779f0d70e587caffeab4857f3c662ed5a4 (from https://pypi.org/simple/dbus-python/), version: 1.2.16
2025-11-24T02:09:01,791   Found link https://files.pythonhosted.org/packages/b1/5c/ccfc167485806c1936f7d3ba97db6c448d0089c5746ba105b6eb22dba60e/dbus-python-1.2.18.tar.gz#sha256=92bdd1e68b45596c833307a5ff4b217ee6929a1502f5341bae28fd120acf7260 (from https://pypi.org/simple/dbus-python/), version: 1.2.18
2025-11-24T02:09:01,791   Found link https://files.pythonhosted.org/packages/c1/d3/6be85a9c772d6ebba0cc3ab37390dd6620006dcced758667e0217fb13307/dbus-python-1.3.2.tar.gz#sha256=ad67819308618b5069537be237f8e68ca1c7fcc95ee4a121fe6845b1418248f8 (from https://pypi.org/simple/dbus-python/) (requires-python:>=3.7), version: 1.3.2
2025-11-24T02:09:01,792   Found link https://files.pythonhosted.org/packages/ff/24/63118050c7dd7be04b1ccd60eab53fef00abe844442e1b6dec92dae505d6/dbus-python-1.4.0.tar.gz#sha256=991666e498f60dbf3e49b8b7678f5559b8a65034fdf61aae62cdecdb7d89c770 (from https://pypi.org/simple/dbus-python/) (requires-python:>=3.7), version: 1.4.0
2025-11-24T02:09:01,793 Skipping link: not a file: https://pypi.org/simple/dbus-python/
2025-11-24T02:09:01,795 Given no hashes to check 1 links for project 'dbus-python': discarding no candidates
2025-11-24T02:09:01,797 Collecting dbus-python==1.2.16
2025-11-24T02:09:01,801   Created temporary directory: C:\Users\a\AppData\Local\Temp\pip-unpack-ot_3y_ax
2025-11-24T02:09:01,928   Downloading dbus-python-1.2.16.tar.gz (576 kB)
2025-11-24T02:09:02,663   Added dbus-python==1.2.16 from https://files.pythonhosted.org/packages/62/7e/d4fb56a1695fa65da0c8d3071855fa5408447b913c58c01933c2f81a269a/dbus-python-1.2.16.tar.gz#sha256=11238f1d86c995d8aed2e22f04a1e3779f0d70e587caffeab4857f3c662ed5a4 (from -r requirements.txt (line 16)) to build tracker 'C:\\Users\\a\\AppData\\Local\\Temp\\pip-req-tracker-eu29f948'
2025-11-24T02:09:02,664   Running setup.py (path:C:\Users\a\AppData\Local\Temp\pip-install-a8n77z1s\dbus-python_1fe6a5459f684c4e95a4d631d779a954\setup.py) egg_info for package dbus-python
2025-11-24T02:09:02,665   Created temporary directory: C:\Users\a\AppData\Local\Temp\pip-pip-egg-info-qzsknmys
2025-11-24T02:09:02,665   Running command python setup.py egg_info
2025-11-24T02:09:03,684   running egg_info
2025-11-24T02:09:03,686   creating C:\Users\a\AppData\Local\Temp\pip-pip-egg-info-qzsknmys\dbus_python.egg-info
2025-11-24T02:09:03,688   writing C:\Users\a\AppData\Local\Temp\pip-pip-egg-info-qzsknmys\dbus_python.egg-info\PKG-INFO
2025-11-24T02:09:03,690   writing dependency_links to C:\Users\a\AppData\Local\Temp\pip-pip-egg-info-qzsknmys\dbus_python.egg-info\dependency_links.txt
2025-11-24T02:09:03,692   writing top-level names to C:\Users\a\AppData\Local\Temp\pip-pip-egg-info-qzsknmys\dbus_python.egg-info\top_level.txt
2025-11-24T02:09:03,694   writing manifest file 'C:\Users\a\AppData\Local\Temp\pip-pip-egg-info-qzsknmys\dbus_python.egg-info\SOURCES.txt'
2025-11-24T02:09:03,704   reading manifest file 'C:\Users\a\AppData\Local\Temp\pip-pip-egg-info-qzsknmys\dbus_python.egg-info\SOURCES.txt'
2025-11-24T02:09:03,707   reading manifest template 'MANIFEST.in'
2025-11-24T02:09:03,783   adding license file 'COPYING'
2025-11-24T02:09:03,783   adding license file 'AUTHORS'
2025-11-24T02:09:03,809   writing manifest file 'C:\Users\a\AppData\Local\Temp\pip-pip-egg-info-qzsknmys\dbus_python.egg-info\SOURCES.txt'
2025-11-24T02:09:03,857   Source in c:\users\a\appdata\local\temp\pip-install-a8n77z1s\dbus-python_1fe6a5459f684c4e95a4d631d779a954 has version 1.2.16, which satisfies requirement dbus-python==1.2.16 from https://files.pythonhosted.org/packages/62/7e/d4fb56a1695fa65da0c8d3071855fa5408447b913c58c01933c2f81a269a/dbus-python-1.2.16.tar.gz#sha256=11238f1d86c995d8aed2e22f04a1e3779f0d70e587caffeab4857f3c662ed5a4 (from -r requirements.txt (line 16))
2025-11-24T02:09:03,859   Removed dbus-python==1.2.16 from https://files.pythonhosted.org/packages/62/7e/d4fb56a1695fa65da0c8d3071855fa5408447b913c58c01933c2f81a269a/dbus-python-1.2.16.tar.gz#sha256=11238f1d86c995d8aed2e22f04a1e3779f0d70e587caffeab4857f3c662ed5a4 (from -r requirements.txt (line 16)) from build tracker 'C:\\Users\\a\\AppData\\Local\\Temp\\pip-req-tracker-eu29f948'
2025-11-24T02:09:03,862 Requirement already satisfied: defusedxml==0.7.1 in c:\users\a\documents\code web\venv\lib\site-packages (from -r requirements.txt (line 17)) (0.7.1)
2025-11-24T02:09:03,866 Requirement already satisfied: distro==1.4.0 in c:\users\a\documents\code web\venv\lib\site-packages (from -r requirements.txt (line 18)) (1.4.0)
2025-11-24T02:09:03,870 1 location(s) to search for versions of distro-info:
2025-11-24T02:09:03,870 * https://pypi.org/simple/distro-info/
2025-11-24T02:09:03,870 Fetching project page and analyzing links: https://pypi.org/simple/distro-info/
2025-11-24T02:09:03,871 Getting page https://pypi.org/simple/distro-info/
2025-11-24T02:09:03,872 Found index url https://pypi.org/simple
2025-11-24T02:09:03,929   Found link https://files.pythonhosted.org/packages/91/e0/ccd731d32238bc18bb8ac80353b4028394f80d5ff7db0f93a5ba488690d3/distro-info-0.10.tar.gz#sha256=3c5c2c800e84f36e56e4c59b09981eae357127494f9eb391712888c3f7ac2916 (from https://pypi.org/simple/distro-info/), version: 0.10
2025-11-24T02:09:03,929   Found link https://files.pythonhosted.org/packages/b4/36/3dcdde1db79aceb21d4c6805e8a0571e4b7796c0ac8e496874806700dbd2/distro-info-1.0.tar.gz#sha256=fb67b179250bf53e18debdc5302b16c025cdc03090c5d62e4259e38c37390c37 (from https://pypi.org/simple/distro-info/), version: 1.0
2025-11-24T02:09:03,930   Found link https://files.pythonhosted.org/packages/b5/62/174e099aa2c033d10a1454e097bf5192cf28ac8e95a544388da0d6c7dd24/distro_info-1.0-py3-none-any.whl#sha256=c360f3de366dd0df0bc6e6a95dc14f843aa4d5a3aed5bf8bc11f02942e0c9f05 (from https://pypi.org/simple/distro-info/), version: 1.0
2025-11-24T02:09:03,931 Skipping link: not a file: https://pypi.org/simple/distro-info/
2025-11-24T02:09:03,932 Given no hashes to check 0 links for project 'distro-info': discarding no candidates
2025-11-24T02:09:03,932 ERROR: Could not find a version that satisfies the requirement distro-info===0.23ubuntu1 (from versions: 0.10, 1.0)
2025-11-24T02:09:03,936 ERROR: No matching distribution found for distro-info===0.23ubuntu1
2025-11-24T02:09:03,939 Exception information:
2025-11-24T02:09:03,939 Traceback (most recent call last):
2025-11-24T02:09:03,939   File "C:\Users\a\Documents\code web\venv\lib\site-packages\pip\_vendor\resolvelib\resolvers.py", line 348, in resolve
2025-11-24T02:09:03,939     self._add_to_criteria(self.state.criteria, r, parent=None)
2025-11-24T02:09:03,939   File "C:\Users\a\Documents\code web\venv\lib\site-packages\pip\_vendor\resolvelib\resolvers.py", line 173, in _add_to_criteria
2025-11-24T02:09:03,939     raise RequirementsConflicted(criterion)
2025-11-24T02:09:03,939 pip._vendor.resolvelib.resolvers.RequirementsConflicted: Requirements conflict: SpecifierRequirement('distro-info===0.23ubuntu1')
2025-11-24T02:09:03,939 
2025-11-24T02:09:03,939 During handling of the above exception, another exception occurred:
2025-11-24T02:09:03,939 
2025-11-24T02:09:03,939 Traceback (most recent call last):
2025-11-24T02:09:03,939   File "C:\Users\a\Documents\code web\venv\lib\site-packages\pip\_internal\resolution\resolvelib\resolver.py", line 94, in resolve
2025-11-24T02:09:03,939     result = self._result = resolver.resolve(
2025-11-24T02:09:03,939   File "C:\Users\a\Documents\code web\venv\lib\site-packages\pip\_vendor\resolvelib\resolvers.py", line 481, in resolve
2025-11-24T02:09:03,939     state = resolution.resolve(requirements, max_rounds=max_rounds)
2025-11-24T02:09:03,939   File "C:\Users\a\Documents\code web\venv\lib\site-packages\pip\_vendor\resolvelib\resolvers.py", line 350, in resolve
2025-11-24T02:09:03,939     raise ResolutionImpossible(e.criterion.information)
2025-11-24T02:09:03,939 pip._vendor.resolvelib.resolvers.ResolutionImpossible: [RequirementInformation(requirement=SpecifierRequirement('distro-info===0.23ubuntu1'), parent=None)]
2025-11-24T02:09:03,939 
2025-11-24T02:09:03,939 The above exception was the direct cause of the following exception:
2025-11-24T02:09:03,939 
2025-11-24T02:09:03,939 Traceback (most recent call last):
2025-11-24T02:09:03,939   File "C:\Users\a\Documents\code web\venv\lib\site-packages\pip\_internal\cli\base_command.py", line 167, in exc_logging_wrapper
2025-11-24T02:09:03,939     status = run_func(*args)
2025-11-24T02:09:03,939   File "C:\Users\a\Documents\code web\venv\lib\site-packages\pip\_internal\cli\req_command.py", line 205, in wrapper
2025-11-24T02:09:03,939     return func(self, options, args)
2025-11-24T02:09:03,939   File "C:\Users\a\Documents\code web\venv\lib\site-packages\pip\_internal\commands\install.py", line 339, in run
2025-11-24T02:09:03,939     requirement_set = resolver.resolve(
2025-11-24T02:09:03,939   File "C:\Users\a\Documents\code web\venv\lib\site-packages\pip\_internal\resolution\resolvelib\resolver.py", line 103, in resolve
2025-11-24T02:09:03,939     raise error from e
2025-11-24T02:09:03,939 pip._internal.exceptions.DistributionNotFound: No matching distribution found for distro-info===0.23ubuntu1
2025-11-24T02:09:03,944 WARNING: Ignoring invalid distribution -jango (c:\users\a\documents\code web\venv\lib\site-packages)
2025-11-24T02:09:03,969 WARNING: Ignoring invalid distribution -jango (c:\users\a\documents\code web\venv\lib\site-packages)
2025-11-24T02:09:03,979 WARNING: Ignoring invalid distribution -jango (c:\users\a\documents\code web\venv\lib\site-packages)
2025-11-24T02:09:03,983 WARNING: You are using pip version 22.0.4; however, version 25.3 is available.
2025-11-24T02:09:03,983 You should consider upgrading via the 'C:\Users\a\Documents\code web\venv\Scripts\python.exe -m pip install --upgrade pip' command.
2025-11-24T02:09:03,987 Removed build tracker: 'C:\\Users\\a\\AppData\\Local\\Temp\\pip-req-tracker-eu29f948'
2025-11-24T02:09:20,771 Using pip 22.0.4 from C:\Users\a\Documents\code web\venv\lib\site-packages\pip (python 3.9)
2025-11-24T02:09:20,771 Non-user install because user site-packages disabled
2025-11-24T02:09:20,852 WARNING: Ignoring invalid distribution -jango (c:\users\a\documents\code web\venv\lib\site-packages)
2025-11-24T02:09:20,882 Created temporary directory: C:\Users\a\AppData\Local\Temp\pip-ephem-wheel-cache-d1o9l_fk
2025-11-24T02:09:20,885 Created temporary directory: C:\Users\a\AppData\Local\Temp\pip-req-tracker-ylmblb46
2025-11-24T02:09:20,886 Initialized build tracking at C:\Users\a\AppData\Local\Temp\pip-req-tracker-ylmblb46
2025-11-24T02:09:20,887 Created build tracker: C:\Users\a\AppData\Local\Temp\pip-req-tracker-ylmblb46
2025-11-24T02:09:20,889 Entered build tracker: C:\Users\a\AppData\Local\Temp\pip-req-tracker-ylmblb46
2025-11-24T02:09:20,890 Created temporary directory: C:\Users\a\AppData\Local\Temp\pip-install-m__wla5e
2025-11-24T02:09:21,160 WARNING: Ignoring invalid distribution -jango (c:\users\a\documents\code web\venv\lib\site-packages)
2025-11-24T02:09:21,168 1 location(s) to search for versions of asgiref:
2025-11-24T02:09:21,168 * https://pypi.org/simple/asgiref/
2025-11-24T02:09:21,169 Fetching project page and analyzing links: https://pypi.org/simple/asgiref/
2025-11-24T02:09:21,170 Getting page https://pypi.org/simple/asgiref/
2025-11-24T02:09:21,172 Found index url https://pypi.org/simple
2025-11-24T02:09:21,426   Found link https://files.pythonhosted.org/packages/c0/c6/56e967493d35d7baf033b60c133e847832c659e5018fc9aeda892fb60945/asgiref-0.8.tar.gz#sha256=ba30a973c12b58b5e7cc254af0f781dffbe9bfbcf3a73bec6ffac17c5ac4190c (from https://pypi.org/simple/asgiref/), version: 0.8
2025-11-24T02:09:21,426   Found link https://files.pythonhosted.org/packages/64/6e/dca52fec3e4b906e9b8c9dbd5de50b2f516f810f6401d828692cccc03345/asgiref-0.9.tar.gz#sha256=7df6d9dd26ab295063b8a911bc0f24b48bb55dfcc62e0fd579b1f92a77ad91d0 (from https://pypi.org/simple/asgiref/), version: 0.9
2025-11-24T02:09:21,427   Found link https://files.pythonhosted.org/packages/54/33/f2f8b993f64f67859a46494dc39b8886fa193b03a833840c2baf4201f34c/asgiref-0.9.1.tar.gz#sha256=682a87cd5ec86c4f4ea2dacdcbcf5483a3d7c5a7acc238d688ade4e72ad14b1d (from https://pypi.org/simple/asgiref/), version: 0.9.1
2025-11-24T02:09:21,429   Found link https://files.pythonhosted.org/packages/a4/37/d098cb5d7273de91d8c6fe29af04a6feb04a936721338d9eade3f594bd3d/asgiref-0.10.0.tar.gz#sha256=5d8c375b6362653ceb542e65b20fc19f4d1e09472d2effeef356a8c71abe13ad (from https://pypi.org/simple/asgiref/), version: 0.10.0
2025-11-24T02:09:21,430   Found link https://files.pythonhosted.org/packages/bb/de/dacef231797dac113172fbd69911d869160a6db99d750beff7adae83d691/asgiref-0.11.0-py2.py3-none-any.whl#sha256=8b9bb494e77b773c8d7579b80a58a7e361084c7496ba7dd72343fa858744f1ff (from https://pypi.org/simple/asgiref/), version: 0.11.0
2025-11-24T02:09:21,431   Found link https://files.pythonhosted.org/packages/3d/8f/50c12a2fffd6057909cb08573b83ab6b0859ed44d21ba254467174545320/asgiref-0.11.0-py3-none-any.whl#sha256=57920248678e9111404d0797edd1b4014d8e13b3da47e01ab6fe540402874eae (from https://pypi.org/simple/asgiref/), version: 0.11.0
2025-11-24T02:09:21,432   Found link https://files.pythonhosted.org/packages/b3/ba/e77410b06fa51377b26ff6ff7a0cc3bad65d0987f3b827814baf51fae325/asgiref-0.11.0.tar.gz#sha256=9c847a435e220ab7ad6cadc9cec8fd02f731d387f9c60dcbee4b6e461997b112 (from https://pypi.org/simple/asgiref/), version: 0.11.0
2025-11-24T02:09:21,433   Found link https://files.pythonhosted.org/packages/7a/56/cd5d86491740b5ca7163cbc2ea78cb04fecaef78c4ee9492d2cd49d1a867/asgiref-0.11.1-py2.py3-none-any.whl#sha256=6a689c38e7d94c0d2dba11fecb4db2155bd9a58a64a2b348609354a6964b46f7 (from https://pypi.org/simple/asgiref/), version: 0.11.1
2025-11-24T02:09:21,434   Found link https://files.pythonhosted.org/packages/9a/d0/3434a948687146a295c73cb7b835eeb04ce2b4329f08a44664339617dcbd/asgiref-0.11.1.tar.gz#sha256=ddec508e294b973db07bf09bb7400c62af05db5da24a09b787f7fda7b62ab088 (from https://pypi.org/simple/asgiref/), version: 0.11.1
2025-11-24T02:09:21,436   Found link https://files.pythonhosted.org/packages/00/0e/3bcbf43baed415a625cf7c15985c5fc3f8f821592562fc4a3b295a513271/asgiref-0.11.2-py2.py3-none-any.whl#sha256=e074ff7f55708faae9f01d521f5e9f93762be41ddbe0fda120af24592c2344b4 (from https://pypi.org/simple/asgiref/), version: 0.11.2
2025-11-24T02:09:21,437   Found link https://files.pythonhosted.org/packages/f8/98/55233ebeedb8cb7978101c1034b884c1f576f213e265d4e1f6b297c7bd6d/asgiref-0.11.2.tar.gz#sha256=d053d0b5680ad681b0d9ac2ab0cd00b31e9ba77d87054fcdb6bbdc2211704550 (from https://pypi.org/simple/asgiref/), version: 0.11.2
2025-11-24T02:09:21,438   Found link https://files.pythonhosted.org/packages/65/65/e951eadcd15c23a776781b1e2cf0597855d46f3da293d9b56b6e227bf324/asgiref-0.12.0-py2.py3-none-any.whl#sha256=797a62a2a089ccd3c413578bde87730d4e200c066a02cae58627696503d66412 (from https://pypi.org/simple/asgiref/), version: 0.12.0
2025-11-24T02:09:21,439   Found link https://files.pythonhosted.org/packages/a9/00/5230348163f4f0a9234c87dab2abf521dc62e15b6b650c1f4dc132bd873e/asgiref-0.12.0.tar.gz#sha256=d65671aa25e8485824d1797d5b588c9d9d214e1d5674e5b79a1ffa75f32faaff (from https://pypi.org/simple/asgiref/), version: 0.12.0
2025-11-24T02:09:21,440   Found link https://files.pythonhosted.org/packages/f7/f8/d0e02e4c4333661a954e45b9bdbe19cc7121cf6b04db4a82ba044c007d6e/asgiref-0.12.1-py2.py3-none-any.whl#sha256=5682166790b727530de5e7d1636f1c677df0228993cceb3996287beee9489006 (from https://pypi.org/simple/asgiref/), version: 0.12.1
2025-11-24T02:09:21,441   Found link https://files.pythonhosted.org/packages/20/e8/79c0bb95ca282500344d76b0337364874f58313150b12958e4fef0ef39cc/asgiref-0.12.1.tar.gz#sha256=1a2f6c388379e40dc477e49418a9e6346c2af1b46df7b551708c98e57b540d24 (from https://pypi.org/simple/asgiref/), version: 0.12.1
2025-11-24T02:09:21,442   Found link https://files.pythonhosted.org/packages/dc/41/40dc641061f7ccd00d9a99e17156ce00551724ca5892354e228f5637c96b/asgiref-0.13.0-py2.py3-none-any.whl#sha256=e1ee297f1e8bd3a1618b4398d448a8632ff164e27e3ff4208879c426da2648b4 (from https://pypi.org/simple/asgiref/), version: 0.13.0
2025-11-24T02:09:21,442   Found link https://files.pythonhosted.org/packages/6f/63/f038c7c63d52f07b2d68ad8d003fe3c6e64cdc5ad833418bfb52755bbbdd/asgiref-0.13.0.tar.gz#sha256=47b72ba687c18103e0c7e2914c55d1f81d2e380955b9ed78b453bc19347bec88 (from https://pypi.org/simple/asgiref/), version: 0.13.0
2025-11-24T02:09:21,443   Found link https://files.pythonhosted.org/packages/93/6e/fb3fc8e2ba5f34432989460e4a545311588fdf7cf3e42fe3522f6df99bf8/asgiref-0.13.2-py2.py3-none-any.whl#sha256=90bc4419f24065db8fc1a6306d82c2a4d65affbb0070b8e78e3bf20dfdb4fe3e (from https://pypi.org/simple/asgiref/), version: 0.13.2
2025-11-24T02:09:21,445   Found link https://files.pythonhosted.org/packages/ca/7e/d379d6e2fbc40ee07bea813214fc90392c9e82a2eda6ab858927abbcfd79/asgiref-0.13.2.tar.gz#sha256=9509f6ad066e623d863f0572c968535d50ef95934cd9299f642fad63bcc6617c (from https://pypi.org/simple/asgiref/), version: 0.13.2
2025-11-24T02:09:21,447   Found link https://files.pythonhosted.org/packages/a3/b6/e14cacc567065ac79b87c7f51f11dd4d482f27ff583e4a84da64c241570a/asgiref-0.13.3.tar.gz#sha256=6afc1a2807d5e106762aee44c46fc8ec1e6f8c4dd0487645b1710e9ec58bb686 (from https://pypi.org/simple/asgiref/), version: 0.13.3
2025-11-24T02:09:21,448   Found link https://files.pythonhosted.org/packages/11/36/3301407c337fca6c2c619e64e937f3ac4281ea381dae942e0f9888a437a1/asgiref-0.14.0-py2.py3-none-any.whl#sha256=8c30206bb66d83d8f941c0a21661e21676fdb3f3994d85787da794f6aa78dcbd (from https://pypi.org/simple/asgiref/), version: 0.14.0
2025-11-24T02:09:21,448   Found link https://files.pythonhosted.org/packages/33/dd/62fe8bb04e92c5a8be83642c151a1f80d519bee5b1446bf47024fa734ca5/asgiref-0.14.0.tar.gz#sha256=8c0e920b9162a1b2d1999c828860aa3a031733a97d7b5b3eafe29d7649f884f3 (from https://pypi.org/simple/asgiref/), version: 0.14.0
2025-11-24T02:09:21,449   Found link https://files.pythonhosted.org/packages/52/84/3404065fdd4c834ab4b8a3533822672a608c6ad73226cfec9d90265b94ec/asgiref-1.0.0-py2.py3-none-any.whl#sha256=b7d118253c23545707a540a9e9f54f99dc75df4df8ddd62eac6415da0a306581 (from https://pypi.org/simple/asgiref/), version: 1.0.0
2025-11-24T02:09:21,449   Found link https://files.pythonhosted.org/packages/51/e9/2cf275a4145e7feef53d5370e7e7fe738f7120d61cc0a5f9b11f606f34e4/asgiref-1.0.0.tar.gz#sha256=f13c68118e7623938db2def36eea29d66b5381691d9c30da26cc1eab65b7e4c9 (from https://pypi.org/simple/asgiref/), version: 1.0.0
2025-11-24T02:09:21,450   Found link https://files.pythonhosted.org/packages/d6/1e/9c954831e1c0f297980984b0506fdb05eec76e08ce5efe492b23456c1e9b/asgiref-1.0.1-py2.py3-none-any.whl#sha256=dac4b6782ae55a5e7bb03cfc51e76e71e6cc7a4deb3bd1303c6b6cdc510387e8 (from https://pypi.org/simple/asgiref/), version: 1.0.1
2025-11-24T02:09:21,451   Found link https://files.pythonhosted.org/packages/e8/94/ef3fd720c5913a4e038829fb3435efea9314731b11484764a9df64e48a20/asgiref-1.0.1.tar.gz#sha256=0979f2bb6294ab0b55f19882bd85defb279349a2e538ce351b14eaa6d8e28fff (from https://pypi.org/simple/asgiref/), version: 1.0.1
2025-11-24T02:09:21,451   Found link https://files.pythonhosted.org/packages/fd/2f/c93a39158e5037dab47c076fc5cfabd2f3332253ffd6c70d85604d67690d/asgiref-1.1.0-py2.py3-none-any.whl#sha256=e688711135ffbde7f8157ed314198c972b171d4a01dfe874eec8c92334d6e67c (from https://pypi.org/simple/asgiref/), version: 1.1.0
2025-11-24T02:09:21,452   Found link https://files.pythonhosted.org/packages/29/4c/9c6a071704413189f92374e635314e8a2ae5f72047c86fff79efa4e3c3f9/asgiref-1.1.0.tar.gz#sha256=fb251d65f15e95f14e706592480f6aad4c4dba6b48b9f8ad12b5b13cdd0f1397 (from https://pypi.org/simple/asgiref/), version: 1.1.0
2025-11-24T02:09:21,453   Found link https://files.pythonhosted.org/packages/a6/e9/55c236797474fc534863ca4da2cca75a708c718d80b811266450c0cfa182/asgiref-1.1.1-py2.py3-none-any.whl#sha256=aaf199524607300b7e3489bc0b3ca9391d9e055c7fd7bcb60147f46aa2742450 (from https://pypi.org/simple/asgiref/), version: 1.1.1
2025-11-24T02:09:21,453   Found link https://files.pythonhosted.org/packages/0d/e7/9fc51765849c89d1ddc7528ec06659dba460a7bf7de1e7b37d685b532fcd/asgiref-1.1.1.tar.gz#sha256=3aabdc84b483172191536d08f51fccb69556ab8875cfb23a448fdba9bded5e3d (from https://pypi.org/simple/asgiref/), version: 1.1.1
2025-11-24T02:09:21,455   Found link https://files.pythonhosted.org/packages/ee/6d/67f79a9567de5ba4419c3e8d39622bed0d974d704075d09df765b5ddb5ce/asgiref-1.1.2-py2.py3-none-any.whl#sha256=d69847e3164957f4e6da51d2f1192b920c6c7d626bd3fc55f47aa1295702a0ed (from https://pypi.org/simple/asgiref/), version: 1.1.2
2025-11-24T02:09:21,456   Found link https://files.pythonhosted.org/packages/e1/1b/48e71f2a8b874a0dbd33b587827ee320cfb9dcbfaf1ed92a028be81bb86a/asgiref-1.1.2.tar.gz#sha256=8b46c3d6e2ad354d9da3cfb9873f9bd46fe1b768fbc11065275ba5430a46700c (from https://pypi.org/simple/asgiref/), version: 1.1.2
2025-11-24T02:09:21,458   Found link https://files.pythonhosted.org/packages/a8/2e/07563da320cd9c6fa93dab85450e9c58ea387f91a8a472dbc411f9d27367/asgiref-2.0.0-py2.py3-none-any.whl#sha256=e291b776488961afe6989222fc221ba5dbf5d492ab1958df3c68c128040d0c74 (from https://pypi.org/simple/asgiref/), version: 2.0.0
2025-11-24T02:09:21,458   Found link https://files.pythonhosted.org/packages/ae/63/3bdb07b484b202cf8c57a166cf0bb6597980007bb62e6af58e910f2eb084/asgiref-2.0.0.tar.gz#sha256=6aa24e9ea5020409e7e9ef39095527c174e49f36452ae3251033cb26b46293d3 (from https://pypi.org/simple/asgiref/), version: 2.0.0
2025-11-24T02:09:21,459   Found link https://files.pythonhosted.org/packages/49/ac/aa69932e176a5cae851a268c4ba58e6ff0bd6414396560a97f34c528418a/asgiref-2.0.1-py2.py3-none-any.whl#sha256=5defc29c696578183d70c631e345b33517e41050e089552464e4af1f11ba4a2c (from https://pypi.org/simple/asgiref/), version: 2.0.1
2025-11-24T02:09:21,460   Found link https://files.pythonhosted.org/packages/2b/34/11c5278278d7bc88f60fb8970ec5ffe240356b6a39c7701df34f9aa0979d/asgiref-2.0.1.tar.gz#sha256=c3d70c473a2b7e525e18e68504630943e107f5b32f440c00c8543f94f565c855 (from https://pypi.org/simple/asgiref/), version: 2.0.1
2025-11-24T02:09:21,462   Found link https://files.pythonhosted.org/packages/75/68/8207f2d83ab6d6401be4f562b6b6b83b8d432438efb0eca369a8e86d4549/asgiref-2.1.0-py2.py3-none-any.whl#sha256=95f55cea1409db99b41fe6458b3d754712805a887b6a1ec2ebc661cc5b878555 (from https://pypi.org/simple/asgiref/), version: 2.1.0
2025-11-24T02:09:21,464   Found link https://files.pythonhosted.org/packages/9a/1a/34d117e8a64e8ea91d9fd96032bc41242cc58eb8d94a8d924415d3d5282e/asgiref-2.1.0.tar.gz#sha256=2bfd70fcc51df4036768b91d7b13524090dc8f366d79fa44ba2b0aeb47306344 (from https://pypi.org/simple/asgiref/), version: 2.1.0
2025-11-24T02:09:21,465   Found link https://files.pythonhosted.org/packages/2c/53/5fa61fddda18081e32a5d145ce08f1dbd5a2b792600dd40c54e0fcd58430/asgiref-2.1.1-py2.py3-none-any.whl#sha256=222ae0a5bfd787f0c102db70566592966e86df28965b81597952576390dc6ec0 (from https://pypi.org/simple/asgiref/), version: 2.1.1
2025-11-24T02:09:21,466   Found link https://files.pythonhosted.org/packages/1b/ed/d4fd440471d1e9a4a74a0e7680ef5189fbd5f5dbd9d937d826d4a4059be8/asgiref-2.1.1.tar.gz#sha256=112828022d772925b47b22caf8108dadd3b26bb0af719eb01b2c3a807795429d (from https://pypi.org/simple/asgiref/), version: 2.1.1
2025-11-24T02:09:21,468   Found link https://files.pythonhosted.org/packages/7b/74/bb6ca144819bbe2f4f23e7d2dcbb25a76ffc2c0252decb2bfe429ccd3026/asgiref-2.1.2-py2.py3-none-any.whl#sha256=3db42f644737aa03b405c2b1a397e07629974c0b0d62bfc2e56d3f3bbc8cdf25 (from https://pypi.org/simple/asgiref/), version: 2.1.2
2025-11-24T02:09:21,468   Found link https://files.pythonhosted.org/packages/54/47/df08000d066b197bd94d6158b22a3e8fd6b95b53f495024dcc2c13180baf/asgiref-2.1.2.tar.gz#sha256=01087b9abedc58001ae05d9b60ce8c02a45695a11233e27d6dc2e8aa8064fcea (from https://pypi.org/simple/asgiref/), version: 2.1.2
2025-11-24T02:09:21,469   Found link https://files.pythonhosted.org/packages/3a/9b/e0565463469ccd293f3ed3081ba9b5703b4148a2ec162343ba8da70412f4/asgiref-2.1.3-py2.py3-none-any.whl#sha256=deef2ee1281d827bfa69cb8676dfc6e53bd1ed8951c66f5e870abd767b7cb7fa (from https://pypi.org/simple/asgiref/), version: 2.1.3
2025-11-24T02:09:21,470   Found link https://files.pythonhosted.org/packages/dd/eb/4321a88ca5ed73ca27d648aea0810666e2c3f76b80d1809fa0f084c514c6/asgiref-2.1.3.tar.gz#sha256=12773070ab13460af191a34fbc665f5a0f090a15bce7da31ec5e289c6ce8a1c6 (from https://pypi.org/simple/asgiref/), version: 2.1.3
2025-11-24T02:09:21,471   Found link https://files.pythonhosted.org/packages/86/35/a8b1a07551419d314a34e890118ec0631f331f80bdc56dc150deb3fb0aad/asgiref-2.1.4-py2.py3-none-any.whl#sha256=5992e60a40c77d143c65c2057a93112510141eb18042924c8f80704ef892a7c2 (from https://pypi.org/simple/asgiref/), version: 2.1.4
2025-11-24T02:09:21,472   Found link https://files.pythonhosted.org/packages/01/2a/b81d679baf0b79ed9677ccd64cbd23da0376753533408bd60e628da1dc5a/asgiref-2.1.4.tar.gz#sha256=758bed82647d7f6e50bad5f332fd5801014d8cb39c777b6c0f35374db6b57bc1 (from https://pypi.org/simple/asgiref/), version: 2.1.4
2025-11-24T02:09:21,473   Found link https://files.pythonhosted.org/packages/61/f8/324b42e78798ca20e1a28d46582657fc723589b14b6dbd2741cbd170c301/asgiref-2.1.5-py2.py3-none-any.whl#sha256=b0feae8ce0cee06b649a0e6090bef7fed4c87f90214105b2c3bcb4a90adb846f (from https://pypi.org/simple/asgiref/), version: 2.1.5
2025-11-24T02:09:21,475   Found link https://files.pythonhosted.org/packages/0a/15/085243c3e6e1eefbd7afe478d1f137b03bfeda7a2f0148ca1ee7384fcd13/asgiref-2.1.5.tar.gz#sha256=1a46196df28c67e046a54cc537ce5a8f6a59eb68649f54680d7e4fc3b113ab1b (from https://pypi.org/simple/asgiref/), version: 2.1.5
2025-11-24T02:09:21,475   Found link https://files.pythonhosted.org/packages/85/1e/31c9b6f73e08a758fb07aa7115d60dd170bab072c222fd0075bdb4470967/asgiref-2.1.6-py2.py3-none-any.whl#sha256=8d8a2380ed0cdf553986e6184355e6e81886965b104ebbfbf8b4dbb91826ae9b (from https://pypi.org/simple/asgiref/), version: 2.1.6
2025-11-24T02:09:21,475   Found link https://files.pythonhosted.org/packages/b8/9a/9fa2c3b48bfa3e9d14b090a6fdcc468ce1ca8a9645cbc85069e571adc6b0/asgiref-2.1.6.tar.gz#sha256=882ca28d791e5c9c624b25849d59191fe44b760a35f88726d7248700ce84bfa0 (from https://pypi.org/simple/asgiref/), version: 2.1.6
2025-11-24T02:09:21,476   Found link https://files.pythonhosted.org/packages/75/55/51b9825959692d775dcc65cc81e34befca5f920a518c4168b657d6508135/asgiref-2.2.0-py2.py3-none-any.whl#sha256=dae829002a586d96c37333562d78b78f7536cf49e1c189e151be6a62c5806ab0 (from https://pypi.org/simple/asgiref/), version: 2.2.0
2025-11-24T02:09:21,478   Found link https://files.pythonhosted.org/packages/2d/c2/493f91b49e2938cd0f333d78d7ccec024646bdfbc13d0d96431b89c4f2b4/asgiref-2.2.0.tar.gz#sha256=9bf5cd9c9cabfb04e19b96fd44ea17723d111067f9ed1d2d8bbc6398c869b9ba (from https://pypi.org/simple/asgiref/), version: 2.2.0
2025-11-24T02:09:21,478   Found link https://files.pythonhosted.org/packages/9a/09/188bc4155309e2fabdabec588ec33f629d7512c7f3c44520f146c1fe8003/asgiref-2.3.0-py2.py3-none-any.whl#sha256=6de821aa503a1b028cc590d8ad06a2995eacfd945c0b4d1dc285d0a304d611cc (from https://pypi.org/simple/asgiref/), version: 2.3.0
2025-11-24T02:09:21,479   Found link https://files.pythonhosted.org/packages/a9/17/52c6eaa07a4babd1c0260d42f659266313ac90be88f1f8805b93f5ec072d/asgiref-2.3.0.tar.gz#sha256=4ee4b06686715291945fd6caffbf97f2a1cf5626a8d875f1a3aee244b672225e (from https://pypi.org/simple/asgiref/), version: 2.3.0
2025-11-24T02:09:21,480   Found link https://files.pythonhosted.org/packages/d3/dc/4cb440a69d3e26dfe430955520057c1cde51bc2fd9208215cf6b5662634f/asgiref-2.3.1-py2.py3-none-any.whl#sha256=ee8e376af0420d85c7cefeae3677e44080b403709448a1288b6e21ff40ba2505 (from https://pypi.org/simple/asgiref/), version: 2.3.1
2025-11-24T02:09:21,481   Found link https://files.pythonhosted.org/packages/9c/59/8afdd7e9c1e2b4b3a8aa716b579d39470f9afad23b69ab072ed7b5f6086d/asgiref-2.3.1.tar.gz#sha256=a77d0d5c8914ca3fbb396be7fda238bf479207cee77d6075dd7474cfeff821a4 (from https://pypi.org/simple/asgiref/), version: 2.3.1
2025-11-24T02:09:21,482   Found link https://files.pythonhosted.org/packages/6a/ca/c141dc77da60230e393d33b5b29afbca718b7e6ce07921c42cf08af907f8/asgiref-2.3.2-py2.py3-none-any.whl#sha256=9b05dcd41a6a89ca8c6e7f7e4089c3f3e76b5af60aebb81ae6d455ad81989c97 (from https://pypi.org/simple/asgiref/), version: 2.3.2
2025-11-24T02:09:21,482   Found link https://files.pythonhosted.org/packages/2c/0d/a569ab76f6dcec1f1c9946c3ed1e65bb1aa853e620c7626729e1f84b9b2d/asgiref-2.3.2.tar.gz#sha256=b21dc4c43d7aba5a844f4c48b8f49d56277bc34937fd9f9cb93ec97fde7e3082 (from https://pypi.org/simple/asgiref/), version: 2.3.2
2025-11-24T02:09:21,483   Found link https://files.pythonhosted.org/packages/ed/ed/ab1178f0848145c86c2d7c54cfb12d3baf35d76237a2d5c60039c883d8a2/asgiref-3.0.0-py2.py3-none-any.whl#sha256=c7a9f05e8bf5db5ce582aa4c4622621fc23c110ee79202e45dd5218ed5eba9f5 (from https://pypi.org/simple/asgiref/), version: 3.0.0
2025-11-24T02:09:21,485   Found link https://files.pythonhosted.org/packages/1f/13/a51fa79bf4067fa3d2a282b17871f428d8f505f5885b0bef4e1cab12f5d5/asgiref-3.0.0.tar.gz#sha256=bd5a17ca8742dd131b64b7cb67c79daec290d3feb46c9084a3a94cfbe5d62089 (from https://pypi.org/simple/asgiref/), version: 3.0.0
2025-11-24T02:09:21,485   Found link https://files.pythonhosted.org/packages/e7/1f/f9386bf64e2420e2a0b501344a237b6bb03e84c3b97f7cbf7fe30e945b93/asgiref-3.1.0-py2.py3-none-any.whl#sha256=55eef5c0582093ca37dcf4937f66fc6ffbedee662e1dadd263c8877236d5c156 (from https://pypi.org/simple/asgiref/), version: 3.1.0
2025-11-24T02:09:21,485   Found link https://files.pythonhosted.org/packages/03/ab/c84dce4e8cf6978fd7f3a124b8bd6d27e551a0be0fc85aeb780a8428552d/asgiref-3.1.0.tar.gz#sha256=bc2b34037b19ced9df35a6890f4658f657e078e3d595496b01430f07256cfbf5 (from https://pypi.org/simple/asgiref/), version: 3.1.0
2025-11-24T02:09:21,487   Found link https://files.pythonhosted.org/packages/3a/d0/eebc135bba4be8137096c6a99778ac3a27cf4203a69dfa02010a1dfb10ce/asgiref-3.1.1-py2.py3-none-any.whl#sha256=0822b68bc98f59cfa536e314cfe1586d4cdaa45da92937cc69061dd9209a8bfe (from https://pypi.org/simple/asgiref/), version: 3.1.1
2025-11-24T02:09:21,488   Found link https://files.pythonhosted.org/packages/b3/21/cb2e49fe7780a68c688c59ae0839b4a45af75159bc029b7dd6d43d699b4d/asgiref-3.1.1.tar.gz#sha256=fa83f1bb89020d9e7c8361a41e8a8ccbfcf3b9df2e9e47a320bdc4821a9c3dcd (from https://pypi.org/simple/asgiref/), version: 3.1.1
2025-11-24T02:09:21,489   Found link https://files.pythonhosted.org/packages/07/ca/f4633cdd580ef37eaf38e2e7a85cd49066ec4e8c62da339f927d462ca46e/asgiref-3.1.2-py2.py3-none-any.whl#sha256=48afe222aefece5814ae90aae394964eada5a4604e67f9397f7858e8957e9fdf (from https://pypi.org/simple/asgiref/), version: 3.1.2
2025-11-24T02:09:21,489   Found link https://files.pythonhosted.org/packages/7d/12/28cf907457f35a85c98498cbe9fd0792484eb6beba76c642f040c2399ae4/asgiref-3.1.2.tar.gz#sha256=60c783a7994246b2e710aa2f0a2f7fcfacf156cffc7b50f7074bfd97c9046db3 (from https://pypi.org/simple/asgiref/), version: 3.1.2
2025-11-24T02:09:21,490   Found link https://files.pythonhosted.org/packages/c2/c4/db607d2dcdd1d88763528de1066dec9f36cca470c1d101de5cc35c90b0b9/asgiref-3.1.3-py2.py3-none-any.whl#sha256=34227987327d13bc4b19d338faa6fed8a25cea79cca2e9e50490d212f56470f8 (from https://pypi.org/simple/asgiref/), version: 3.1.3
2025-11-24T02:09:21,492   Found link https://files.pythonhosted.org/packages/a2/6c/ae3f69d30aad753f8ade8925f8c9f30f2dce5dfe3b44e8b7db414bf4a2ea/asgiref-3.1.3.tar.gz#sha256=566126b4cbf190c315121965253ecb2159499197ff4afd686e0921f4dd987999 (from https://pypi.org/simple/asgiref/), version: 3.1.3
2025-11-24T02:09:21,493   Found link https://files.pythonhosted.org/packages/ce/2e/dd4b5afc37d595fc44def4f365cc8ee080a4962a0eb1e05e79da65a8e074/asgiref-3.1.4-py2.py3-none-any.whl#sha256=b718a9d35e204a96e2456c2271b0ef12e36124c363b3a8fd1d626744f23192aa (from https://pypi.org/simple/asgiref/), version: 3.1.4
2025-11-24T02:09:21,493   Found link https://files.pythonhosted.org/packages/e4/4d/c9079a9b0efd6755adc12413301ab6ad413d0629aa366028712ea22b0f5d/asgiref-3.1.4.tar.gz#sha256=865b7ccce5a6e815607b08d9059fe9c058cd75c77f896f5e0b74ff6c1ba81818 (from https://pypi.org/simple/asgiref/), version: 3.1.4
2025-11-24T02:09:21,495   Found link https://files.pythonhosted.org/packages/fb/58/27f90221f17bbda171d345f06009749004b60aea53a723443903bd99673d/asgiref-3.2.0-py2.py3-none-any.whl#sha256=abfe78df4bdefdbdc6902b1900c14e60b4cd7fea2ce218b5f12d998a46a9eb18 (from https://pypi.org/simple/asgiref/), version: 3.2.0
2025-11-24T02:09:21,496   Found link https://files.pythonhosted.org/packages/65/ef/e357b3e3d418f16d8f79b9d0c44d170bc0d88f0840b5755b6bfe25a576ea/asgiref-3.2.0.tar.gz#sha256=cefcbd64acbfc9f38913566824ef070dd9a50e63f1b4cc5a7f1c44be809d7ff3 (from https://pypi.org/simple/asgiref/), version: 3.2.0
2025-11-24T02:09:21,497   Found link https://files.pythonhosted.org/packages/4c/b9/9eb9762c9b43754d49e6b85625c1a5a45673a3083c742be00d8721839b01/asgiref-3.2.1-py2.py3-none-any.whl#sha256=ceac3968866501249712f482ae807605246cfae8293a70de29417868ddef673c (from https://pypi.org/simple/asgiref/), version: 3.2.1
2025-11-24T02:09:21,497   Found link https://files.pythonhosted.org/packages/e7/8a/145cf55364e762ebf3c5e328e9780b0d638c0e4f9ef575fffe0cc84dac70/asgiref-3.2.1.tar.gz#sha256=57ed0d07634a23bebfa1b02a1aa05eba09c37aab3fc93893e4039e7bc2d96d9e (from https://pypi.org/simple/asgiref/), version: 3.2.1
2025-11-24T02:09:21,497   Found link https://files.pythonhosted.org/packages/d0/39/42344b1060cfb5542eecef3ce6dda3d2d5a89a660716ed5980635985f2a7/asgiref-3.2.2-py2.py3-none-any.whl#sha256=a4ce726e6ef49cca13642ff49588530ebabcc47c669c7a95af37ea5a74b9b823 (from https://pypi.org/simple/asgiref/), version: 3.2.2
2025-11-24T02:09:21,499   Found link https://files.pythonhosted.org/packages/6a/d8/ac8ccfd9551901413cddcff798e16f219489887ec5db3b163c321dd017c6/asgiref-3.2.2.tar.gz#sha256=f62b1c88ebf5fe95db202a372982970edcf375c1513d7e70717df0750f5c2b98 (from https://pypi.org/simple/asgiref/), version: 3.2.2
2025-11-24T02:09:21,500   Found link https://files.pythonhosted.org/packages/a5/cb/5a235b605a9753ebcb2730c75e610fb51c8cab3f01230080a8229fa36adb/asgiref-3.2.3-py2.py3-none-any.whl#sha256=ea448f92fc35a0ef4b1508f53a04c4670255a3f33d22a81c8fc9c872036adbe5 (from https://pypi.org/simple/asgiref/), version: 3.2.3
2025-11-24T02:09:21,501   Found link https://files.pythonhosted.org/packages/80/c4/83a01607f2d10024c172097126264c8e00c6a4827b35d631ece9625e6ba2/asgiref-3.2.3.tar.gz#sha256=7e06d934a7718bf3975acbf87780ba678957b87c7adc056f13b6215d610695a0 (from https://pypi.org/simple/asgiref/), version: 3.2.3
2025-11-24T02:09:21,502   Found link https://files.pythonhosted.org/packages/80/c6/03bd9a8568952c275e8b2ee4ab3ac744d5fff7a8d2b5bba5b93715ba742e/asgiref-3.2.4-py2.py3-none-any.whl#sha256=5e60ea919b37e5b9d8896d802c0dbbe41b16ea6719e5695a43496ef43e5b19ac (from https://pypi.org/simple/asgiref/) (requires-python:>=3.5), version: 3.2.4
2025-11-24T02:09:21,503   Found link https://files.pythonhosted.org/packages/92/1e/2786ef0269c366be776363d3a2317cc03e6cd25bc77c4b0185f91b19f5ca/asgiref-3.2.4.tar.gz#sha256=f07043512078c76bb28a62fd1e327876599062b5f0aea60ed1d9cabc42e95fe2 (from https://pypi.org/simple/asgiref/) (requires-python:>=3.5), version: 3.2.4
2025-11-24T02:09:21,503   Found link https://files.pythonhosted.org/packages/bc/a9/90e110710d44289d807b5604bcd18419ece1a6f88e9a2489d3de4718a20b/asgiref-3.2.5-py2.py3-none-any.whl#sha256=3e4192eaec0758b99722f0b0666d5fbfaa713054d92e8de5b58ba84ec5ce696f (from https://pypi.org/simple/asgiref/) (requires-python:>=3.5), version: 3.2.5
2025-11-24T02:09:21,504   Found link https://files.pythonhosted.org/packages/83/f4/d21b3c32abf7a60bcd8fd35f198ff6782bc1c39c966456121cc941da37e7/asgiref-3.2.5.tar.gz#sha256=c8f49dd3b42edcc51d09dd2eea8a92b3cfc987ff7e6486be734b4d0cbfd5d315 (from https://pypi.org/simple/asgiref/) (requires-python:>=3.5), version: 3.2.5
2025-11-24T02:09:21,507   Found link https://files.pythonhosted.org/packages/e2/ea/37fac52810bfa225c867cd05766d80c12799f0a0d38a552dfe0ba7d02a90/asgiref-3.2.6-py2.py3-none-any.whl#sha256=9c65b42045910c159ad41fc33692a8a6e6e154d8d05244ea69a0cbc617edad31 (from https://pypi.org/simple/asgiref/) (requires-python:>=3.5), version: 3.2.6
2025-11-24T02:09:21,507   Found link https://files.pythonhosted.org/packages/8d/47/394c8a9c22354d6ebde1e0f485b1c62403eedee0851c73cf0efcf84fddb6/asgiref-3.2.6.tar.gz#sha256=63007b556233381c5f22ae4c7e4292c9f1b953dc8909ae8fd268f611dc23cbd0 (from https://pypi.org/simple/asgiref/) (requires-python:>=3.5), version: 3.2.6
2025-11-24T02:09:21,510   Found link https://files.pythonhosted.org/packages/68/00/25013f7310a56d17e1ab6fd885d5c1f216b7123b550d295c93f8e29d372a/asgiref-3.2.7-py2.py3-none-any.whl#sha256=9ca8b952a0a9afa61d30aa6d3d9b570bb3fd6bafcf7ec9e6bed43b936133db1c (from https://pypi.org/simple/asgiref/) (requires-python:>=3.5), version: 3.2.7
2025-11-24T02:09:21,511   Found link https://files.pythonhosted.org/packages/30/c1/bbde4e26250ca00c9aae5c7bd73ee1785d1a0665b1ae18481127bb0c00d0/asgiref-3.2.7.tar.gz#sha256=8036f90603c54e93521e5777b2b9a39ba1bad05773fcf2d208f0299d1df58ce5 (from https://pypi.org/simple/asgiref/) (requires-python:>=3.5), version: 3.2.7
2025-11-24T02:09:21,513   Found link https://files.pythonhosted.org/packages/29/f4/3cd2716c7a6b3c544c5c24942fb341898e9559d3cea6f415ab26c439e7d2/asgiref-3.2.8-py3-none-any.whl#sha256=783254c9ec6f914f671919bbcef4346d4e57866bd7ed988ae79f881bbc0a9be8 (from https://pypi.org/simple/asgiref/) (requires-python:>=3.5), version: 3.2.8
2025-11-24T02:09:21,514   Found link https://files.pythonhosted.org/packages/11/d7/eeb4c0f7ba1f4b65302b3a0a8fdec809aa25631bb4578b088505637fc14d/asgiref-3.2.8.tar.gz#sha256=a46c83b7d46212ec937e9ddb571cda2b1384b3d02f7edde9372e2778d1782d38 (from https://pypi.org/simple/asgiref/) (requires-python:>=3.5), version: 3.2.8
2025-11-24T02:09:21,515   Found link https://files.pythonhosted.org/packages/ea/d1/493b29b516d5e829583a610a28465e6b4504a7012d5dbe7236984f9eafc7/asgiref-3.2.9-py3-none-any.whl#sha256=f803d8b4962cc338d48a72fa498c52f913b160eb16712e2ecdf2a81904daead9 (from https://pypi.org/simple/asgiref/) (requires-python:>=3.5), version: 3.2.9
2025-11-24T02:09:21,516   Found link https://files.pythonhosted.org/packages/7e/5b/4dbcfabd244eb022f10b20e289aea6cbb10bbf9b6498c2264be3e1c70ce8/asgiref-3.2.9.tar.gz#sha256=7ea1922cfd63c4ac7687069f8bb0e7768ab9b7fc78ff227577d4240b52d6cb7a (from https://pypi.org/simple/asgiref/) (requires-python:>=3.5), version: 3.2.9
2025-11-24T02:09:21,516   Found link https://files.pythonhosted.org/packages/d5/eb/64725b25f991010307fd18a9e0c1f0e6dff2f03622fc4bcbcdb2244f60d6/asgiref-3.2.10-py3-none-any.whl#sha256=9fc6fb5d39b8af147ba40765234fa822b39818b12cc80b35ad9b0cef3a476aed (from https://pypi.org/simple/asgiref/) (requires-python:>=3.5), version: 3.2.10
2025-11-24T02:09:21,518   Found link https://files.pythonhosted.org/packages/6d/6e/6e0ff19e7054491be7390fec2b711f838b31282fd3afe28057314d72f11b/asgiref-3.2.10.tar.gz#sha256=7e51911ee147dd685c3c8b805c0ad0cb58d360987b56953878f8c06d2d1c6f1a (from https://pypi.org/simple/asgiref/) (requires-python:>=3.5), version: 3.2.10
2025-11-24T02:09:21,519   Found link https://files.pythonhosted.org/packages/c0/e8/578887011652048c2d273bf98839a11020891917f3aa638a0bc9ac04d653/asgiref-3.3.0-py3-none-any.whl#sha256=a5098bc870b80e7b872bff60bb363c7f2c2c89078759f6c47b53ff8c525a152e (from https://pypi.org/simple/asgiref/) (requires-python:>=3.5), version: 3.3.0
2025-11-24T02:09:21,521   Found link https://files.pythonhosted.org/packages/3e/34/fb6c2b2b858d27cdc6703e26e304d56e2300c33719b9407eae54a6b80423/asgiref-3.3.0.tar.gz#sha256=cd88907ecaec59d78e4ac00ea665b03e571cb37e3a0e37b3702af1a9e86c365a (from https://pypi.org/simple/asgiref/) (requires-python:>=3.5), version: 3.3.0
2025-11-24T02:09:21,522   Found link https://files.pythonhosted.org/packages/89/49/5531992efc62f9c6d08a7199dc31176c8c60f7b2548c6ef245f96f29d0d9/asgiref-3.3.1-py3-none-any.whl#sha256=5ee950735509d04eb673bd7f7120f8fa1c9e2df495394992c73234d526907e17 (from https://pypi.org/simple/asgiref/) (requires-python:>=3.5), version: 3.3.1
2025-11-24T02:09:21,522   Found link https://files.pythonhosted.org/packages/e9/d1/096b5b0b411a1a53c294a508fdc51542de77bc193df5c8230ff9445e4ff3/asgiref-3.3.1.tar.gz#sha256=7162a3cb30ab0609f1a4c95938fd73e8604f63bdba516a7f7d64b83ff09478f0 (from https://pypi.org/simple/asgiref/) (requires-python:>=3.5), version: 3.3.1
2025-11-24T02:09:21,523   Found link https://files.pythonhosted.org/packages/4c/4f/35496ef327fda06de5bb14ccba3bdc7b74a7d3171073b644339e56e90b73/asgiref-3.3.2-py3-none-any.whl#sha256=34103fa20270d8843a66e5df18547d2e8139534d23e3beffe96647c65ddffd4d (from https://pypi.org/simple/asgiref/) (requires-python:>=3.6), version: 3.3.2
2025-11-24T02:09:21,525   Found link https://files.pythonhosted.org/packages/5f/56/af1c760bd245eb1625ef1fb60c25a6d03084e263c2882da74aad38ddf075/asgiref-3.3.2.tar.gz#sha256=c62b616b226d6c2e927b0225f8101f9e2cca08112cff98839ca6726c129ff9e0 (from https://pypi.org/simple/asgiref/) (requires-python:>=3.6), version: 3.3.2
2025-11-24T02:09:21,526   Found link https://files.pythonhosted.org/packages/94/d2/a614e054305a57b3c9c867fae17667c1eab5befc8519ebf9d34752a0a7fd/asgiref-3.3.3-py3-none-any.whl#sha256=b58af092ac5987e245bba2d1472a09ca02fb402b782379c9c3e65555807c0631 (from https://pypi.org/simple/asgiref/) (requires-python:>=3.6), version: 3.3.3
2025-11-24T02:09:21,527   Found link https://files.pythonhosted.org/packages/a7/91/485d789c80183d94d1ecb4ef536de2db16f52de57a90502c82d3abb791c7/asgiref-3.3.3.tar.gz#sha256=00a4fdc99c50e5b2b308ff270afdd1a6b265fba6d2c87ea7b98fc0f25f7f5b07 (from https://pypi.org/simple/asgiref/) (requires-python:>=3.6), version: 3.3.3
2025-11-24T02:09:21,527   Found link https://files.pythonhosted.org/packages/17/8b/05e225d11154b8f5358e6a6d277679c9741ec0339d1e451c9cef687a9170/asgiref-3.3.4-py3-none-any.whl#sha256=92906c611ce6c967347bbfea733f13d6313901d54dcca88195eaeb52b2a8e8ee (from https://pypi.org/simple/asgiref/) (requires-python:>=3.6), version: 3.3.4
2025-11-24T02:09:21,528   Found link https://files.pythonhosted.org/packages/d8/3f/ef696a6d8254f182b1a089aeffb638d2eb83055e603146d3a40605c5b7da/asgiref-3.3.4.tar.gz#sha256=d1216dfbdfb63826470995d31caed36225dcaf34f182e0fa257a4dd9e86f1b78 (from https://pypi.org/simple/asgiref/) (requires-python:>=3.6), version: 3.3.4
2025-11-24T02:09:21,529   Found link https://files.pythonhosted.org/packages/bf/77/68b78d54f9865e1f4b8f8a9e0de15d328cddaa8a9cd5abeb69cb4077d9ab/asgiref-3.4.0-py3-none-any.whl#sha256=d36fa91dd90e3aa3c81a6bd426ccc8fb20bd3d22b0cf14a12800289e9c3e2563 (from https://pypi.org/simple/asgiref/) (requires-python:>=3.6), version: 3.4.0
2025-11-24T02:09:21,529   Found link https://files.pythonhosted.org/packages/c0/9d/b1c128ed26b8c01c27e5c393c558e9c2a6716dfbdb59f97ba14960fbde76/asgiref-3.4.0.tar.gz#sha256=05914d0fa65a21711e732adc6572edad6c8da5f1435c3f0c060689ced5e85195 (from https://pypi.org/simple/asgiref/) (requires-python:>=3.6), version: 3.4.0
2025-11-24T02:09:21,530   Found link https://files.pythonhosted.org/packages/fe/66/577f32b54c50dcd8dec38447258e82ed327ecb86820d67ae7b3dea784f13/asgiref-3.4.1-py3-none-any.whl#sha256=ffc141aa908e6f175673e7b1b3b7af4fdb0ecb738fc5c8b88f69f055c2415214 (from https://pypi.org/simple/asgiref/) (requires-python:>=3.6), version: 3.4.1
2025-11-24T02:09:21,531   Found link https://files.pythonhosted.org/packages/07/93/3618b68b4ba6b54bc97b5fd7d90e4981471edfaf51c8321a29a3c76cf47c/asgiref-3.4.1.tar.gz#sha256=4ef1ab46b484e3c706329cedeff284a5d40824200638503f5768edb6de7d58e9 (from https://pypi.org/simple/asgiref/) (requires-python:>=3.6), version: 3.4.1
2025-11-24T02:09:21,531   Found link https://files.pythonhosted.org/packages/0b/9f/5f3b91391578312827561b669a0397d58535b4e82966c8f1667525c7d563/asgiref-3.5.0-py3-none-any.whl#sha256=88d59c13d634dcffe0510be048210188edd79aeccb6a6c9028cdad6f31d730a9 (from https://pypi.org/simple/asgiref/) (requires-python:>=3.7), version: 3.5.0
2025-11-24T02:09:21,533   Found link https://files.pythonhosted.org/packages/ea/2b/3face3a7241f61dc1c58dbe243cc02c15c61ccdcafebc4406f7bb40ce731/asgiref-3.5.0.tar.gz#sha256=2f8abc20f7248433085eda803936d98992f1343ddb022065779f37c5da0181d0 (from https://pypi.org/simple/asgiref/) (requires-python:>=3.7), version: 3.5.0
2025-11-24T02:09:21,534   Found link https://files.pythonhosted.org/packages/3c/47/03bc5ff25d66be3727357a85de550bcf5f5a9cdeff5d0a3c2456c9385a2e/asgiref-3.5.1-py3-none-any.whl#sha256=45a429524fba18aba9d512498b19d220c4d628e75b40cf5c627524dbaebc5cc1 (from https://pypi.org/simple/asgiref/) (requires-python:>=3.7), version: 3.5.1
2025-11-24T02:09:21,535   Found link https://files.pythonhosted.org/packages/6d/b6/44c179fdee3857af5e76ee04426cac8119ef736900a0068d12c1c018301c/asgiref-3.5.1.tar.gz#sha256=fddeea3c53fa99d0cdb613c3941cc6e52d822491fc2753fba25768fb5bf4e865 (from https://pypi.org/simple/asgiref/) (requires-python:>=3.7), version: 3.5.1
2025-11-24T02:09:21,537   Found link https://files.pythonhosted.org/packages/af/6d/ea3a5c3027c3f14b0321cd4f7e594c776ebe64e4b927432ca6917512a4f7/asgiref-3.5.2-py3-none-any.whl#sha256=1d2880b792ae8757289136f1db2b7b99100ce959b2aa57fd69dab783d05afac4 (from https://pypi.org/simple/asgiref/) (requires-python:>=3.7), version: 3.5.2
2025-11-24T02:09:21,538   Found link https://files.pythonhosted.org/packages/1f/35/e7d59b92ceffb1dc62c65156278de378670b46ab2364a3ea7216fe194ba3/asgiref-3.5.2.tar.gz#sha256=4a29362a6acebe09bf1d6640db38c1dc3d9217c68e6f9f6204d72667fc19a424 (from https://pypi.org/simple/asgiref/) (requires-python:>=3.7), version: 3.5.2
2025-11-24T02:09:21,539   Found link https://files.pythonhosted.org/packages/8f/29/38d10a47b322a77b2d12c2b79c789f52956f733cb701d4d5157c76b5f238/asgiref-3.6.0-py3-none-any.whl#sha256=71e68008da809b957b7ee4b43dbccff33d1b23519fb8344e33f049897077afac (from https://pypi.org/simple/asgiref/) (requires-python:>=3.7), version: 3.6.0
2025-11-24T02:09:21,540   Found link https://files.pythonhosted.org/packages/78/2d/797c0537426266d6c9377a2ed6a4ac61e50c2d5b1ab4da101a4b9bfe26e2/asgiref-3.6.0.tar.gz#sha256=9567dfe7bd8d3c8c892227827c41cce860b368104c3431da67a0c5a65a949506 (from https://pypi.org/simple/asgiref/) (requires-python:>=3.7), version: 3.6.0
2025-11-24T02:09:21,541   Found link https://files.pythonhosted.org/packages/51/70/fe2134ce04ca793f735527741889e26fa287e3a5f3fb2ce7926947713cb6/asgiref-3.7.0-py3-none-any.whl#sha256=14087924af5be5d8103d6f2edffe45a0bf7ab1b2a771b6f00a6db8c302f21f34 (from https://pypi.org/simple/asgiref/) (requires-python:>=3.7), version: 3.7.0
2025-11-24T02:09:21,541   Found link https://files.pythonhosted.org/packages/85/b0/bb7ba9d107a910570ce811061e9b97dac918e3df5a8c3d42f07aded71d48/asgiref-3.7.0.tar.gz#sha256=5d6c4a8a1c99f58eaa3bc392ee04e3587b693f09e3af1f3f16a09094f334eb52 (from https://pypi.org/simple/asgiref/) (requires-python:>=3.7), version: 3.7.0
2025-11-24T02:09:21,542   Found link https://files.pythonhosted.org/packages/2b/ad/2b292d71b1cd1e6203b3de5901490e76a1721b3660c5fde06cf6cdbd7532/asgiref-3.7.1-py3-none-any.whl#sha256=33958cb2e4b3cd8b1b06ef295bd8605cde65b11df51d3beab39e2e149a610ab3 (from https://pypi.org/simple/asgiref/) (requires-python:>=3.7), version: 3.7.1
2025-11-24T02:09:21,544   Found link https://files.pythonhosted.org/packages/29/ef/bd9cd6ac55b7e7595c6fe097ea6c318b6a487f43762f15abe98c58b101e9/asgiref-3.7.1.tar.gz#sha256=8de379fcc383bcfe4507e229fc31209ea23d4831c850f74063b2c11639474dd2 (from https://pypi.org/simple/asgiref/) (requires-python:>=3.7), version: 3.7.1
2025-11-24T02:09:21,545   Found link https://files.pythonhosted.org/packages/9b/80/b9051a4a07ad231558fcd8ffc89232711b4e618c15cb7a392a17384bbeef/asgiref-3.7.2-py3-none-any.whl#sha256=89b2ef2247e3b562a16eef663bc0e2e703ec6468e2fa8a5cd61cd449786d4f6e (from https://pypi.org/simple/asgiref/) (requires-python:>=3.7), version: 3.7.2
2025-11-24T02:09:21,546   Found link https://files.pythonhosted.org/packages/12/19/64e38c1c2cbf0da9635b7082bbdf0e89052e93329279f59759c24a10cc96/asgiref-3.7.2.tar.gz#sha256=9e0ce3aa93a819ba5b45120216b23878cf6e8525eb3848653452b4192b92afed (from https://pypi.org/simple/asgiref/) (requires-python:>=3.7), version: 3.7.2
2025-11-24T02:09:21,547   Found link https://files.pythonhosted.org/packages/15/1e/c8a0cae47d0e10a241c40d4eaf32ae555a968cccbe297192223c7246ac8c/asgiref-3.8.0-py3-none-any.whl#sha256=30fc07797ad71a0abb8fe34aa03c8043308a8389abc7942d797ea9911540bc28 (from https://pypi.org/simple/asgiref/) (requires-python:>=3.8), version: 3.8.0
2025-11-24T02:09:21,548   Found link https://files.pythonhosted.org/packages/8d/f1/f2bc42f6fba0ae214e6625e641e1c982932dec3a15e4aecb46e18031fdef/asgiref-3.8.0.tar.gz#sha256=ec75d9d0f04e2dbfedef1f20ee73a6594af80c333df47cdd31f37e6701f7c53a (from https://pypi.org/simple/asgiref/) (requires-python:>=3.8), version: 3.8.0
2025-11-24T02:09:21,549   Found link https://files.pythonhosted.org/packages/39/e3/893e8757be2612e6c266d9bb58ad2e3651524b5b40cf56761e985a28b13e/asgiref-3.8.1-py3-none-any.whl#sha256=3e1e3ecc849832fe52ccf2cb6686b7a55f82bb1d6aee72a58826471390335e47 (from https://pypi.org/simple/asgiref/) (requires-python:>=3.8), version: 3.8.1
2025-11-24T02:09:21,550   Found link https://files.pythonhosted.org/packages/29/38/b3395cc9ad1b56d2ddac9970bc8f4141312dbaec28bc7c218b0dfafd0f42/asgiref-3.8.1.tar.gz#sha256=c343bd80a0bec947a9860adb4c432ffa7db769836c64238fc34bdc3fec84d590 (from https://pypi.org/simple/asgiref/) (requires-python:>=3.8), version: 3.8.1
2025-11-24T02:09:21,550   Found link https://files.pythonhosted.org/packages/3d/f9/76c9f4d4985b5a642926162e2d41fe6019b1fa929cfa58abb7d2dc9041e5/asgiref-3.9.0-py3-none-any.whl#sha256=06a41250a0114d2b6f6a2cb3ab962147d355b53d1de15eebc34a9d04a7b79981 (from https://pypi.org/simple/asgiref/) (requires-python:>=3.9), version: 3.9.0
2025-11-24T02:09:21,551   Found link https://files.pythonhosted.org/packages/6a/68/fb4fb78c9eac59d5e819108a57664737f855c5a8e9b76aec1738bb137f9e/asgiref-3.9.0.tar.gz#sha256=3dd2556d0f08c4fab8a010d9ab05ef8c34565f6bf32381d17505f7ca5b273767 (from https://pypi.org/simple/asgiref/) (requires-python:>=3.9), version: 3.9.0
2025-11-24T02:09:21,552   Found link https://files.pythonhosted.org/packages/7c/3c/0464dcada90d5da0e71018c04a140ad6349558afb30b3051b4264cc5b965/asgiref-3.9.1-py3-none-any.whl#sha256=f3bba7092a48005b5f5bacd747d36ee4a5a61f4a269a6df590b43144355ebd2c (from https://pypi.org/simple/asgiref/) (requires-python:>=3.9), version: 3.9.1
2025-11-24T02:09:21,553   Found link https://files.pythonhosted.org/packages/90/61/0aa957eec22ff70b830b22ff91f825e70e1ef732c06666a805730f28b36b/asgiref-3.9.1.tar.gz#sha256=a5ab6582236218e5ef1648f242fd9f10626cfd4de8dc377db215d5d5098e3142 (from https://pypi.org/simple/asgiref/) (requires-python:>=3.9), version: 3.9.1
2025-11-24T02:09:21,554   Found link https://files.pythonhosted.org/packages/c7/d1/69d02ce34caddb0a7ae088b84c356a625a93cd4ff57b2f97644c03fad905/asgiref-3.9.2-py3-none-any.whl#sha256=0b61526596219d70396548fc003635056856dba5d0d086f86476f10b33c75960 (from https://pypi.org/simple/asgiref/) (requires-python:>=3.9), version: 3.9.2
2025-11-24T02:09:21,555   Found link https://files.pythonhosted.org/packages/7f/bf/0f3ecda32f1cb3bf1dca480aca08a7a8a3bdc4bed2343a103f30731565c9/asgiref-3.9.2.tar.gz#sha256=a0249afacb66688ef258ffe503528360443e2b9a8d8c4581b6ebefa58c841ef1 (from https://pypi.org/simple/asgiref/) (requires-python:>=3.9), version: 3.9.2
2025-11-24T02:09:21,555   Found link https://files.pythonhosted.org/packages/17/9c/fc2331f538fbf7eedba64b2052e99ccf9ba9d6888e2f41441ee28847004b/asgiref-3.10.0-py3-none-any.whl#sha256=aef8a81283a34d0ab31630c9b7dfe70c812c95eba78171367ca8745e88124734 (from https://pypi.org/simple/asgiref/) (requires-python:>=3.9), version: 3.10.0
2025-11-24T02:09:21,556   Found link https://files.pythonhosted.org/packages/46/08/4dfec9b90758a59acc6be32ac82e98d1fbfc321cb5cfa410436dbacf821c/asgiref-3.10.0.tar.gz#sha256=d89f2d8cd8b56dada7d52fa7dc8075baa08fb836560710d38c292a7a3f78c04e (from https://pypi.org/simple/asgiref/) (requires-python:>=3.9), version: 3.10.0
2025-11-24T02:09:21,557   Found link https://files.pythonhosted.org/packages/91/be/317c2c55b8bbec407257d45f5c8d1b6867abc76d12043f2d3d58c538a4ea/asgiref-3.11.0-py3-none-any.whl#sha256=1db9021efadb0d9512ce8ffaf72fcef601c7b73a8807a1bb2ef143dc6b14846d (from https://pypi.org/simple/asgiref/) (requires-python:>=3.9), version: 3.11.0
2025-11-24T02:09:21,558   Found link https://files.pythonhosted.org/packages/76/b9/4db2509eabd14b4a8c71d1b24c8d5734c52b8560a7b1e1a8b56c8d25568b/asgiref-3.11.0.tar.gz#sha256=13acff32519542a1736223fb79a715acdebe24286d98e8b164a73085f40da2c4 (from https://pypi.org/simple/asgiref/) (requires-python:>=3.9), version: 3.11.0
2025-11-24T02:09:21,558 Skipping link: not a file: https://pypi.org/simple/asgiref/
2025-11-24T02:09:21,570 Given no hashes to check 2 links for project 'asgiref': discarding no candidates
2025-11-24T02:09:21,573 Collecting asgiref==3.4.1
2025-11-24T02:09:21,578   Created temporary directory: C:\Users\a\AppData\Local\Temp\pip-unpack-m9hd6crs
2025-11-24T02:09:21,582   Using cached asgiref-3.4.1-py3-none-any.whl (25 kB)
2025-11-24T02:09:21,619   Added asgiref==3.4.1 from https://files.pythonhosted.org/packages/fe/66/577f32b54c50dcd8dec38447258e82ed327ecb86820d67ae7b3dea784f13/asgiref-3.4.1-py3-none-any.whl#sha256=ffc141aa908e6f175673e7b1b3b7af4fdb0ecb738fc5c8b88f69f055c2415214 (from -r requirements.txt (line 1)) to build tracker 'C:\\Users\\a\\AppData\\Local\\Temp\\pip-req-tracker-ylmblb46'
2025-11-24T02:09:21,620   Removed asgiref==3.4.1 from https://files.pythonhosted.org/packages/fe/66/577f32b54c50dcd8dec38447258e82ed327ecb86820d67ae7b3dea784f13/asgiref-3.4.1-py3-none-any.whl#sha256=ffc141aa908e6f175673e7b1b3b7af4fdb0ecb738fc5c8b88f69f055c2415214 (from -r requirements.txt (line 1)) from build tracker 'C:\\Users\\a\\AppData\\Local\\Temp\\pip-req-tracker-ylmblb46'
2025-11-24T02:09:21,626 Requirement already satisfied: attrs==19.3.0 in c:\users\a\documents\code web\venv\lib\site-packages (from -r requirements.txt (line 2)) (19.3.0)
2025-11-24T02:09:21,630 Requirement already satisfied: Automat==0.8.0 in c:\users\a\documents\code web\venv\lib\site-packages (from -r requirements.txt (line 3)) (0.8.0)
2025-11-24T02:09:21,634 Requirement already satisfied: blinker==1.4 in c:\users\a\documents\code web\venv\lib\site-packages (from -r requirements.txt (line 4)) (1.4)
2025-11-24T02:09:21,637 Requirement already satisfied: cachetools==4.2.4 in c:\users\a\documents\code web\venv\lib\site-packages (from -r requirements.txt (line 5)) (4.2.4)
2025-11-24T02:09:21,641 Requirement already satisfied: certifi==2019.11.28 in c:\users\a\documents\code web\venv\lib\site-packages (from -r requirements.txt (line 6)) (2019.11.28)
2025-11-24T02:09:21,644 Requirement already satisfied: cffi==1.15.0 in c:\users\a\documents\code web\venv\lib\site-packages (from -r requirements.txt (line 7)) (1.15.0)
2025-11-24T02:09:21,648 Requirement already satisfied: chardet==3.0.4 in c:\users\a\documents\code web\venv\lib\site-packages (from -r requirements.txt (line 8)) (3.0.4)
2025-11-24T02:09:21,654 Requirement already satisfied: Click==7.0 in c:\users\a\documents\code web\venv\lib\site-packages (from -r requirements.txt (line 9)) (7.0)
2025-11-24T02:09:21,657 Requirement already satisfied: colorama==0.4.3 in c:\users\a\documents\code web\venv\lib\site-packages (from -r requirements.txt (line 10)) (0.4.3)
2025-11-24T02:09:21,660 Requirement already satisfied: configobj==5.0.6 in c:\users\a\documents\code web\venv\lib\site-packages (from -r requirements.txt (line 11)) (5.0.6)
2025-11-24T02:09:21,664 Requirement already satisfied: constantly==15.1.0 in c:\users\a\documents\code web\venv\lib\site-packages (from -r requirements.txt (line 12)) (15.1.0)
2025-11-24T02:09:21,668 Requirement already satisfied: coreapi==2.3.3 in c:\users\a\documents\code web\venv\lib\site-packages (from -r requirements.txt (line 13)) (2.3.3)
2025-11-24T02:09:21,672 Requirement already satisfied: coreschema==0.0.4 in c:\users\a\documents\code web\venv\lib\site-packages (from -r requirements.txt (line 14)) (0.0.4)
2025-11-24T02:09:21,675 Requirement already satisfied: cryptography==3.4.8 in c:\users\a\documents\code web\venv\lib\site-packages (from -r requirements.txt (line 15)) (3.4.8)
2025-11-24T02:09:21,679 1 location(s) to search for versions of dbus-python:
2025-11-24T02:09:21,679 * https://pypi.org/simple/dbus-python/
2025-11-24T02:09:21,680 Fetching project page and analyzing links: https://pypi.org/simple/dbus-python/
2025-11-24T02:09:21,683 Getting page https://pypi.org/simple/dbus-python/
2025-11-24T02:09:21,685 Found index url https://pypi.org/simple
2025-11-24T02:09:21,762   Found link https://files.pythonhosted.org/packages/af/6d/6ef666713c9903645aa76b4c4c888c17b7f5d77c636756a6c630647edfdd/dbus-python-0.84.0.tar.gz#sha256=b85bc7aaf1a976627ca461b1ca7b0c4ddddff709f52fe44c9b2d1d7d8fac5906 (from https://pypi.org/simple/dbus-python/), version: 0.84.0
2025-11-24T02:09:21,762   Found link https://files.pythonhosted.org/packages/fd/80/861003a9ac85ac9283694c6038cee1d2d6fbdf2b6e792cff2c3e8c244e27/dbus-python-1.2.2-pypi.tar.gz#sha256=f79741510cad485afba1303b43e639aacdd7ddecf3ce7c6cca0b1a849bdf8fb3 (from https://pypi.org/simple/dbus-python/), version: 1.2.2-pypi
2025-11-24T02:09:21,763   Found link https://files.pythonhosted.org/packages/ad/1b/76adc363212c642cabbf9329457a918308c0b9b5d38ce04d541a67255174/dbus-python-1.2.4.tar.gz#sha256=e2f1d6871f74fba23652e51d10873e54f71adab0525833c19bad9e99b1b2f9cc (from https://pypi.org/simple/dbus-python/), version: 1.2.4
2025-11-24T02:09:21,765   Found link https://files.pythonhosted.org/packages/3f/e7/4edb582d1ffd5ac3c84188deea32e960b5c8c0fe1da56ce70224f85ce542/dbus-python-1.2.8.tar.gz#sha256=abf12bbb765e300bf8e2a1b2f32f85949eab06998dbda127952c31cb63957b6f (from https://pypi.org/simple/dbus-python/), version: 1.2.8
2025-11-24T02:09:21,766   Found link https://files.pythonhosted.org/packages/2b/55/c2db676bdc7451105c371089d84b09957e4e4a0ba0ad737eee37773d628d/dbus-python-1.2.10.tar.gz#sha256=d4332bbd4a0054fa4010b259c293b84d461bbd9d7a8ef528157d151c0398d886 (from https://pypi.org/simple/dbus-python/), version: 1.2.10
2025-11-24T02:09:21,767   Found link https://files.pythonhosted.org/packages/b6/85/7b46d31f15a970665533ad5956adee013f03f0ad4421c3c83304ae9c9906/dbus-python-1.2.12.tar.gz#sha256=cdd4de2c4f5e58f287b12013ed7b41dee81d503c8d0d2397c5bd2fb01badf260 (from https://pypi.org/simple/dbus-python/), version: 1.2.12
2025-11-24T02:09:21,767   Found link https://files.pythonhosted.org/packages/62/7e/d4fb56a1695fa65da0c8d3071855fa5408447b913c58c01933c2f81a269a/dbus-python-1.2.16.tar.gz#sha256=11238f1d86c995d8aed2e22f04a1e3779f0d70e587caffeab4857f3c662ed5a4 (from https://pypi.org/simple/dbus-python/), version: 1.2.16
2025-11-24T02:09:21,768   Found link https://files.pythonhosted.org/packages/b1/5c/ccfc167485806c1936f7d3ba97db6c448d0089c5746ba105b6eb22dba60e/dbus-python-1.2.18.tar.gz#sha256=92bdd1e68b45596c833307a5ff4b217ee6929a1502f5341bae28fd120acf7260 (from https://pypi.org/simple/dbus-python/), version: 1.2.18
2025-11-24T02:09:21,769   Found link https://files.pythonhosted.org/packages/c1/d3/6be85a9c772d6ebba0cc3ab37390dd6620006dcced758667e0217fb13307/dbus-python-1.3.2.tar.gz#sha256=ad67819308618b5069537be237f8e68ca1c7fcc95ee4a121fe6845b1418248f8 (from https://pypi.org/simple/dbus-python/) (requires-python:>=3.7), version: 1.3.2
2025-11-24T02:09:21,770   Found link https://files.pythonhosted.org/packages/ff/24/63118050c7dd7be04b1ccd60eab53fef00abe844442e1b6dec92dae505d6/dbus-python-1.4.0.tar.gz#sha256=991666e498f60dbf3e49b8b7678f5559b8a65034fdf61aae62cdecdb7d89c770 (from https://pypi.org/simple/dbus-python/) (requires-python:>=3.7), version: 1.4.0
2025-11-24T02:09:21,772 Skipping link: not a file: https://pypi.org/simple/dbus-python/
2025-11-24T02:09:21,774 Given no hashes to check 1 links for project 'dbus-python': discarding no candidates
2025-11-24T02:09:21,776 Collecting dbus-python==1.2.16
2025-11-24T02:09:21,781   Created temporary directory: C:\Users\a\AppData\Local\Temp\pip-unpack-qep7skqr
2025-11-24T02:09:21,803   Using cached dbus-python-1.2.16.tar.gz (576 kB)
2025-11-24T02:09:22,321   Added dbus-python==1.2.16 from https://files.pythonhosted.org/packages/62/7e/d4fb56a1695fa65da0c8d3071855fa5408447b913c58c01933c2f81a269a/dbus-python-1.2.16.tar.gz#sha256=11238f1d86c995d8aed2e22f04a1e3779f0d70e587caffeab4857f3c662ed5a4 (from -r requirements.txt (line 16)) to build tracker 'C:\\Users\\a\\AppData\\Local\\Temp\\pip-req-tracker-ylmblb46'
2025-11-24T02:09:22,322   Running setup.py (path:C:\Users\a\AppData\Local\Temp\pip-install-m__wla5e\dbus-python_47f039ba107f48a6ab1d0dab9ad4a585\setup.py) egg_info for package dbus-python
2025-11-24T02:09:22,324   Created temporary directory: C:\Users\a\AppData\Local\Temp\pip-pip-egg-info-a3jslgzd
2025-11-24T02:09:22,325   Running command python setup.py egg_info
2025-11-24T02:09:23,279   running egg_info
2025-11-24T02:09:23,280   creating C:\Users\a\AppData\Local\Temp\pip-pip-egg-info-a3jslgzd\dbus_python.egg-info
2025-11-24T02:09:23,281   writing C:\Users\a\AppData\Local\Temp\pip-pip-egg-info-a3jslgzd\dbus_python.egg-info\PKG-INFO
2025-11-24T02:09:23,283   writing dependency_links to C:\Users\a\AppData\Local\Temp\pip-pip-egg-info-a3jslgzd\dbus_python.egg-info\dependency_links.txt
2025-11-24T02:09:23,286   writing top-level names to C:\Users\a\AppData\Local\Temp\pip-pip-egg-info-a3jslgzd\dbus_python.egg-info\top_level.txt
2025-11-24T02:09:23,288   writing manifest file 'C:\Users\a\AppData\Local\Temp\pip-pip-egg-info-a3jslgzd\dbus_python.egg-info\SOURCES.txt'
2025-11-24T02:09:23,299   reading manifest file 'C:\Users\a\AppData\Local\Temp\pip-pip-egg-info-a3jslgzd\dbus_python.egg-info\SOURCES.txt'
2025-11-24T02:09:23,301   reading manifest template 'MANIFEST.in'
2025-11-24T02:09:23,389   adding license file 'COPYING'
2025-11-24T02:09:23,390   adding license file 'AUTHORS'
2025-11-24T02:09:23,415   writing manifest file 'C:\Users\a\AppData\Local\Temp\pip-pip-egg-info-a3jslgzd\dbus_python.egg-info\SOURCES.txt'
2025-11-24T02:09:23,463   Source in c:\users\a\appdata\local\temp\pip-install-m__wla5e\dbus-python_47f039ba107f48a6ab1d0dab9ad4a585 has version 1.2.16, which satisfies requirement dbus-python==1.2.16 from https://files.pythonhosted.org/packages/62/7e/d4fb56a1695fa65da0c8d3071855fa5408447b913c58c01933c2f81a269a/dbus-python-1.2.16.tar.gz#sha256=11238f1d86c995d8aed2e22f04a1e3779f0d70e587caffeab4857f3c662ed5a4 (from -r requirements.txt (line 16))
2025-11-24T02:09:23,464   Removed dbus-python==1.2.16 from https://files.pythonhosted.org/packages/62/7e/d4fb56a1695fa65da0c8d3071855fa5408447b913c58c01933c2f81a269a/dbus-python-1.2.16.tar.gz#sha256=11238f1d86c995d8aed2e22f04a1e3779f0d70e587caffeab4857f3c662ed5a4 (from -r requirements.txt (line 16)) from build tracker 'C:\\Users\\a\\AppData\\Local\\Temp\\pip-req-tracker-ylmblb46'
2025-11-24T02:09:23,467 Requirement already satisfied: defusedxml==0.7.1 in c:\users\a\documents\code web\venv\lib\site-packages (from -r requirements.txt (line 17)) (0.7.1)
2025-11-24T02:09:23,471 Requirement already satisfied: distro==1.4.0 in c:\users\a\documents\code web\venv\lib\site-packages (from -r requirements.txt (line 18)) (1.4.0)
2025-11-24T02:09:23,477 1 location(s) to search for versions of distro-info:
2025-11-24T02:09:23,477 * https://pypi.org/simple/distro-info/
2025-11-24T02:09:23,478 Fetching project page and analyzing links: https://pypi.org/simple/distro-info/
2025-11-24T02:09:23,479 Getting page https://pypi.org/simple/distro-info/
2025-11-24T02:09:23,480 Found index url https://pypi.org/simple
2025-11-24T02:09:23,561   Found link https://files.pythonhosted.org/packages/91/e0/ccd731d32238bc18bb8ac80353b4028394f80d5ff7db0f93a5ba488690d3/distro-info-0.10.tar.gz#sha256=3c5c2c800e84f36e56e4c59b09981eae357127494f9eb391712888c3f7ac2916 (from https://pypi.org/simple/distro-info/), version: 0.10
2025-11-24T02:09:23,561   Found link https://files.pythonhosted.org/packages/b4/36/3dcdde1db79aceb21d4c6805e8a0571e4b7796c0ac8e496874806700dbd2/distro-info-1.0.tar.gz#sha256=fb67b179250bf53e18debdc5302b16c025cdc03090c5d62e4259e38c37390c37 (from https://pypi.org/simple/distro-info/), version: 1.0
2025-11-24T02:09:23,562   Found link https://files.pythonhosted.org/packages/b5/62/174e099aa2c033d10a1454e097bf5192cf28ac8e95a544388da0d6c7dd24/distro_info-1.0-py3-none-any.whl#sha256=c360f3de366dd0df0bc6e6a95dc14f843aa4d5a3aed5bf8bc11f02942e0c9f05 (from https://pypi.org/simple/distro-info/), version: 1.0
2025-11-24T02:09:23,563 Skipping link: not a file: https://pypi.org/simple/distro-info/
2025-11-24T02:09:23,564 Given no hashes to check 0 links for project 'distro-info': discarding no candidates
2025-11-24T02:09:23,565 ERROR: Could not find a version that satisfies the requirement distro-info===0.23ubuntu1 (from versions: 0.10, 1.0)
2025-11-24T02:09:23,569 ERROR: No matching distribution found for distro-info===0.23ubuntu1
2025-11-24T02:09:23,572 Exception information:
2025-11-24T02:09:23,572 Traceback (most recent call last):
2025-11-24T02:09:23,572   File "C:\Users\a\Documents\code web\venv\lib\site-packages\pip\_vendor\resolvelib\resolvers.py", line 348, in resolve
2025-11-24T02:09:23,572     self._add_to_criteria(self.state.criteria, r, parent=None)
2025-11-24T02:09:23,572   File "C:\Users\a\Documents\code web\venv\lib\site-packages\pip\_vendor\resolvelib\resolvers.py", line 173, in _add_to_criteria
2025-11-24T02:09:23,572     raise RequirementsConflicted(criterion)
2025-11-24T02:09:23,572 pip._vendor.resolvelib.resolvers.RequirementsConflicted: Requirements conflict: SpecifierRequirement('distro-info===0.23ubuntu1')
2025-11-24T02:09:23,572 
2025-11-24T02:09:23,572 During handling of the above exception, another exception occurred:
2025-11-24T02:09:23,572 
2025-11-24T02:09:23,572 Traceback (most recent call last):
2025-11-24T02:09:23,572   File "C:\Users\a\Documents\code web\venv\lib\site-packages\pip\_internal\resolution\resolvelib\resolver.py", line 94, in resolve
2025-11-24T02:09:23,572     result = self._result = resolver.resolve(
2025-11-24T02:09:23,572   File "C:\Users\a\Documents\code web\venv\lib\site-packages\pip\_vendor\resolvelib\resolvers.py", line 481, in resolve
2025-11-24T02:09:23,572     state = resolution.resolve(requirements, max_rounds=max_rounds)
2025-11-24T02:09:23,572   File "C:\Users\a\Documents\code web\venv\lib\site-packages\pip\_vendor\resolvelib\resolvers.py", line 350, in resolve
2025-11-24T02:09:23,572     raise ResolutionImpossible(e.criterion.information)
2025-11-24T02:09:23,572 pip._vendor.resolvelib.resolvers.ResolutionImpossible: [RequirementInformation(requirement=SpecifierRequirement('distro-info===0.23ubuntu1'), parent=None)]
2025-11-24T02:09:23,572 
2025-11-24T02:09:23,572 The above exception was the direct cause of the following exception:
2025-11-24T02:09:23,572 
2025-11-24T02:09:23,572 Traceback (most recent call last):
2025-11-24T02:09:23,572   File "C:\Users\a\Documents\code web\venv\lib\site-packages\pip\_internal\cli\base_command.py", line 167, in exc_logging_wrapper
2025-11-24T02:09:23,572     status = run_func(*args)
2025-11-24T02:09:23,572   File "C:\Users\a\Documents\code web\venv\lib\site-packages\pip\_internal\cli\req_command.py", line 205, in wrapper
2025-11-24T02:09:23,572     return func(self, options, args)
2025-11-24T02:09:23,572   File "C:\Users\a\Documents\code web\venv\lib\site-packages\pip\_internal\commands\install.py", line 339, in run
2025-11-24T02:09:23,572     requirement_set = resolver.resolve(
2025-11-24T02:09:23,572   File "C:\Users\a\Documents\code web\venv\lib\site-packages\pip\_internal\resolution\resolvelib\resolver.py", line 103, in resolve
2025-11-24T02:09:23,572     raise error from e
2025-11-24T02:09:23,572 pip._internal.exceptions.DistributionNotFound: No matching distribution found for distro-info===0.23ubuntu1
2025-11-24T02:09:23,577 WARNING: Ignoring invalid distribution -jango (c:\users\a\documents\code web\venv\lib\site-packages)
2025-11-24T02:09:23,601 WARNING: Ignoring invalid distribution -jango (c:\users\a\documents\code web\venv\lib\site-packages)
2025-11-24T02:09:23,610 WARNING: Ignoring invalid distribution -jango (c:\users\a\documents\code web\venv\lib\site-packages)
2025-11-24T02:09:23,614 WARNING: You are using pip version 22.0.4; however, version 25.3 is available.
2025-11-24T02:09:23,614 You should consider upgrading via the 'C:\Users\a\Documents\code web\venv\Scripts\python.exe -m pip install --upgrade pip' command.
2025-11-24T02:09:23,617 Removed build tracker: 'C:\\Users\\a\\AppData\\Local\\Temp\\pip-req-tracker-ylmblb46'
